zero_index,t_value,rank,prime_p,prime_q,impact_score,phase_cos,pair_str
1,14.134725141734695,1,2,23,-0.04345068903485852,-0.999365847801746,"(2, 23)"
1,14.134725141734695,2,3,23,-0.025205402010675854,-0.869586369368317,"(3, 23)"
1,14.134725141734695,3,2,37,-0.02488107391605566,-0.9205997348940593,"(2, 37)"
1,14.134725141734695,4,7,13,-0.01716074419539932,-0.780813860890669,"(7, 13)"
1,14.134725141734695,5,5,23,-0.015874398096464754,-0.9127778905467234,"(5, 23)"
2,21.022039638771556,1,2,3,-0.20692267140624593,-0.6207680142187378,"(2, 3)"
2,21.022039638771556,2,2,19,-0.051552381973936065,-0.9794952575047853,"(2, 19)"
2,21.022039638771556,3,3,11,-0.03472126867326623,-0.5729009331088928,"(3, 11)"
2,21.022039638771556,4,3,5,-0.03388783140464929,-0.25415873553486973,"(3, 5)"
2,21.022039638771556,5,2,11,-0.026085678400219876,-0.2869424624024186,"(2, 11)"
3,25.01085758014569,1,2,3,-0.25142391439436435,-0.7542717431830931,"(2, 3)"
3,25.01085758014569,2,2,5,-0.12019619704395167,-0.6009809852197583,"(2, 5)"
3,25.01085758014569,3,2,13,-0.07329126157034885,-0.9527864004145349,"(2, 13)"
3,25.01085758014569,4,3,7,-0.06638700340148593,-0.6970635357156023,"(3, 7)"
3,25.01085758014569,5,2,17,-0.05841575568916649,-0.9930678467158303,"(2, 17)"
4,30.424876125859512,1,2,5,-0.1844989624363257,-0.9224948121816283,"(2, 5)"
4,30.424876125859512,2,3,5,-0.1314970219523953,-0.9862276646429647,"(3, 5)"
4,30.424876125859512,3,5,7,-0.03930261672786221,-0.6877957927375886,"(5, 7)"
4,30.424876125859512,4,2,17,-0.03828060632226181,-0.6507703074784508,"(2, 17)"
4,30.424876125859512,5,3,17,-0.0316398575345515,-0.8068163671310632,"(3, 17)"
5,32.93506158773919,1,2,7,-0.13049242836498745,-0.9134469985549122,"(2, 7)"
5,32.93506158773919,2,3,7,-0.08884372508094014,-0.9328591133498716,"(3, 7)"
5,32.93506158773919,3,3,5,-0.058557390894964395,-0.439180431712233,"(3, 5)"
5,32.93506158773919,4,2,31,-0.02161614966810539,-0.6701006397112672,"(2, 31)"
5,32.93506158773919,5,2,47,-0.020304522032729522,-0.9543125355382875,"(2, 47)"
6,37.586178158825675,1,2,3,-0.29747880725682213,-0.8924364217704664,"(2, 3)"
6,37.586178158825675,2,2,5,-0.19861738498234316,-0.9930869249117158,"(2, 5)"
6,37.586178158825675,3,2,7,-0.1427576823160667,-0.999303776212467,"(2, 7)"
6,37.586178158825675,4,2,19,-0.05152365701828476,-0.9789494833474105,"(2, 19)"
6,37.586178158825675,5,2,23,-0.033468586426924934,-0.7697774878192736,"(2, 23)"
7,40.9187190121475,1,2,3,-0.21157349990656132,-0.634720499719684,"(2, 3)"
7,40.9187190121475,2,3,7,-0.09463258425256289,-0.9936421346519104,"(3, 7)"
7,40.9187190121475,3,3,5,-0.061804356195537306,-0.4635326714665298,"(3, 5)"
7,40.9187190121475,4,3,11,-0.05883887930972694,-0.9708415086104946,"(3, 11)"
7,40.9187190121475,5,3,13,-0.048831763481203605,-0.9522193878834704,"(3, 13)"
8,43.327073280915,1,3,5,-0.13200204589478284,-0.9900153442108713,"(3, 5)"
8,43.327073280915,2,2,7,-0.09195661376478687,-0.6436962963535081,"(2, 7)"
8,43.327073280915,3,2,5,-0.08342642559873042,-0.4171321279936521,"(2, 5)"
8,43.327073280915,4,2,19,-0.05202065779684642,-0.988392498140082,"(2, 19)"
8,43.327073280915,5,5,11,-0.03354993141216062,-0.9226231138344172,"(5, 11)"
9,48.00515088116716,1,2,7,-0.12870884948145667,-0.9009619463701968,"(2, 7)"
9,48.00515088116716,2,3,7,-0.09392824052958038,-0.986246525560594,"(3, 7)"
9,48.00515088116716,3,5,7,-0.05159158721310737,-0.9028527762293791,"(5, 7)"
9,48.00515088116716,4,2,17,-0.03477134359897416,-0.5911128411825607,"(2, 17)"
9,48.00515088116716,5,2,29,-0.0313092097796707,-0.9079670836104504,"(2, 29)"
10,49.7738324776723,1,2,11,-0.09087127560468478,-0.9995840316515325,"(2, 11)"
10,49.7738324776723,2,3,13,-0.03826243859659569,-0.746117552633616,"(3, 13)"
10,49.7738324776723,3,5,7,-0.028949071082201305,-0.5066087439385228,"(5, 7)"
10,49.7738324776723,4,5,13,-0.027896210016767536,-0.9066268255449449,"(5, 13)"
10,49.7738324776723,5,3,19,-0.02524641098908467,-0.7195227131889131,"(3, 19)"
11,52.970321477714464,1,2,3,-0.29033836510711486,-0.8710150953213447,"(2, 3)"
11,52.970321477714464,2,2,7,-0.13235619709594945,-0.9264933796716461,"(2, 7)"
11,52.970321477714464,3,2,11,-0.06300143097376604,-0.6930157407114264,"(2, 11)"
11,52.970321477714464,4,3,5,-0.046352877422321886,-0.34764658066741416,"(3, 5)"
11,52.970321477714464,5,2,23,-0.03668374420109002,-0.8437261166250704,"(2, 23)"
12,56.44624769706339,1,2,3,-0.20828895027623912,-0.6248668508287174,"(2, 3)"
12,56.44624769706339,2,3,5,-0.11297755941948578,-0.8473316956461434,"(3, 5)"
12,56.44624769706339,3,3,7,-0.07266418210070291,-0.7629739120573806,"(3, 7)"
12,56.44624769706339,4,2,11,-0.03607515822137413,-0.3968267404351154,"(2, 11)"
12,56.44624769706339,5,3,17,-0.03398626789183747,-0.8666498312418556,"(3, 17)"
13,59.34704400260235,1,2,5,-0.11271795130397921,-0.5635897565198961,"(2, 5)"
13,59.34704400260235,2,5,11,-0.03438647446165578,-0.9456280476955341,"(5, 11)"
13,59.34704400260235,3,2,13,-0.03280723377703184,-0.42649403910141387,"(2, 13)"
13,59.34704400260235,4,3,19,-0.03216027537102541,-0.9165678480742242,"(3, 19)"
13,59.34704400260235,5,3,17,-0.029245726168574283,-0.7457660172986442,"(3, 17)"
14,60.83177852460981,1,2,11,-0.09086736048291333,-0.9995409653120466,"(2, 11)"
14,60.83177852460981,2,3,11,-0.05324834783342908,-0.8785977392515798,"(3, 11)"
14,60.83177852460981,3,2,31,-0.031439473155728294,-0.9746236678275771,"(2, 31)"
14,60.83177852460981,4,2,23,-0.026427810869747242,-0.6078396500041866,"(2, 23)"
14,60.83177852460981,5,5,11,-0.02428832914711146,-0.6679290515455651,"(5, 11)"
15,65.1125440480816,1,2,5,-0.19992025679242736,-0.9996012839621368,"(2, 5)"
15,65.1125440480816,2,2,13,-0.061501024932443055,-0.7995133241217597,"(2, 13)"
15,65.1125440480816,3,3,11,-0.05910024326026284,-0.9751540137943369,"(3, 11)"
15,65.1125440480816,4,5,7,-0.0569481014991057,-0.9965917762343498,"(5, 7)"
15,65.1125440480816,5,2,11,-0.04564770356445685,-0.5021247392090253,"(2, 11)"
16,67.07981052949417,1,2,3,-0.15833950522133564,-0.47501851566400694,"(2, 3)"
16,67.07981052949417,2,3,5,-0.127711077845418,-0.957833083840635,"(3, 5)"
16,67.07981052949417,3,2,7,-0.10076230789632801,-0.705336155274296,"(2, 7)"
16,67.07981052949417,4,5,7,-0.047818357639242914,-0.8368212586867511,"(5, 7)"
16,67.07981052949417,5,3,17,-0.03894398903168171,-0.9930717203078837,"(3, 17)"
17,69.54640171117398,1,2,3,-0.33237884394752737,-0.9971365318425821,"(2, 3)"
17,69.54640171117398,2,3,5,-0.07553103829269132,-0.566482787195185,"(3, 5)"
17,69.54640171117398,3,3,7,-0.06878593059425603,-0.7222522712396883,"(3, 7)"
17,69.54640171117398,4,3,11,-0.04452075016990911,-0.7345923778035003,"(3, 11)"
17,69.54640171117398,5,3,19,-0.03182452031755806,-0.9069988290504046,"(3, 19)"
18,72.0671576744819,1,2,5,-0.19962773581274004,-0.9981386790637001,"(2, 5)"
18,72.0671576744819,2,2,3,-0.194873531504221,-0.584620594512663,"(2, 3)"
18,72.0671576744819,3,2,7,-0.09713375628771677,-0.6799362940140175,"(2, 7)"
18,72.0671576744819,4,2,11,-0.0858782901018312,-0.9446611911201432,"(2, 11)"
18,72.0671576744819,5,2,13,-0.07549454760832089,-0.9814291189081715,"(2, 13)"
19,75.70469069908393,1,2,11,-0.08803488103778233,-0.9683836914156055,"(2, 11)"
19,75.70469069908393,2,2,13,-0.07270905474931436,-0.9452177117410865,"(2, 13)"
19,75.70469069908393,3,2,23,-0.03901961057639396,-0.897451043257061,"(2, 23)"
19,75.70469069908393,4,5,11,-0.03636363426401325,-0.9999999422603644,"(5, 11)"
19,75.70469069908393,5,3,11,-0.034138283216454006,-0.5632816730714911,"(3, 11)"
20,77.1448400688748,1,2,7,-0.10499576036326927,-0.734970322542885,"(2, 7)"
20,77.1448400688748,2,3,7,-0.07812779506638004,-0.8203418481969905,"(3, 7)"
20,77.1448400688748,3,2,19,-0.033210729037308526,-0.631003851708862,"(2, 19)"
20,77.1448400688748,4,7,11,-0.024729582973788633,-0.9520889444908623,"(7, 11)"
20,77.1448400688748,5,2,31,-0.018633659447340592,-0.5776434428675584,"(2, 31)"
21,79.33737502024937,1,2,5,-0.18099542364920837,-0.9049771182460418,"(2, 5)"
21,79.33737502024937,2,3,5,-0.12684944866691594,-0.9513708650018696,"(3, 5)"
21,79.33737502024937,3,2,11,-0.08972238394561048,-0.9869462234017153,"(2, 11)"
21,79.33737502024937,4,3,13,-0.05104392634411759,-0.995356563710293,"(3, 13)"
21,79.33737502024937,5,2,13,-0.05082474387987456,-0.6607216704383693,"(2, 13)"
22,82.91038085408603,1,2,3,-0.19652799135785465,-0.589583974073564,"(2, 3)"
22,82.91038085408603,2,2,7,-0.1401635654201531,-0.9811449579410718,"(2, 7)"
22,82.91038085408603,3,2,11,-0.09086720885093318,-0.9995392973602649,"(2, 11)"
22,82.91038085408603,4,5,7,-0.05312374067960494,-0.9296654618930864,"(5, 7)"
22,82.91038085408603,5,5,11,-0.02996807883641269,-0.8241221680013491,"(5, 11)"
23,84.73549298051705,1,2,3,-0.326673396060166,-0.9800201881804981,"(2, 3)"
23,84.73549298051705,2,2,5,-0.12471804304840808,-0.6235902152420404,"(2, 5)"
23,84.73549298051705,3,3,7,-0.08532018123707816,-0.8958619029893207,"(3, 7)"
23,84.73549298051705,4,3,11,-0.06001612035221834,-0.9902659858116025,"(3, 11)"
23,84.73549298051705,5,5,7,-0.05554811516800782,-0.9720920154401368,"(5, 7)"
24,87.42527461312523,1,2,3,-0.209705763380379,-0.629117290141137,"(2, 3)"
24,87.42527461312523,2,2,7,-0.12969719331097404,-0.9078803531768184,"(2, 7)"
24,87.42527461312523,3,3,13,-0.04202212731976358,-0.8194314827353899,"(3, 13)"
24,87.42527461312523,4,2,19,-0.023848454920758266,-0.45312064349440706,"(2, 19)"
24,87.42527461312523,5,5,7,-0.0237667687433623,-0.4159184530088402,"(5, 7)"
25,88.80911120763446,1,2,13,-0.074109013837389,-0.963417179886057,"(2, 13)"
25,88.80911120763446,2,2,23,-0.04309557216112694,-0.9911981597059195,"(2, 23)"
25,88.80911120763446,3,3,11,-0.03996430993408267,-0.6594111139123641,"(3, 11)"
25,88.80911120763446,4,2,3,-0.039678903947838406,-0.11903671184351522,"(2, 3)"
25,88.80911120763446,5,3,17,-0.03897721316827218,-0.9939189357909406,"(3, 17)"
26,92.49189927055849,1,2,5,-0.19945955437055554,-0.9972977718527777,"(2, 5)"
26,92.49189927055849,2,2,7,-0.1332668626515351,-0.9328680385607457,"(2, 7)"
26,92.49189927055849,3,3,5,-0.1323203963935526,-0.9924029729516444,"(3, 5)"
26,92.49189927055849,4,3,7,-0.0938388604475659,-0.985308034699442,"(3, 7)"
26,92.49189927055849,5,2,13,-0.07254667819694027,-0.9431068165602234,"(2, 13)"
27,94.65134404051989,1,3,11,-0.05439290833104159,-0.8974829874621861,"(3, 11)"
27,94.65134404051989,2,3,5,-0.04501185692443449,-0.3375889269332587,"(3, 5)"
27,94.65134404051989,3,2,11,-0.03833670297488156,-0.4217037327236971,"(2, 11)"
27,94.65134404051989,4,2,41,-0.02439017692293459,-0.9999972538403181,"(2, 41)"
27,94.65134404051989,5,5,13,-0.024198683261296445,-0.7864572059921344,"(5, 13)"
28,95.87063422824531,1,2,13,-0.0714334414091432,-0.9286347383188617,"(2, 13)"
28,95.87063422824531,2,3,17,-0.03837764032550658,-0.9786298283004177,"(3, 17)"
28,95.87063422824531,3,3,13,-0.03598501488339504,-0.7017077902262033,"(3, 13)"
28,95.87063422824531,4,2,17,-0.03344780713776865,-0.568612721342067,"(2, 17)"
28,95.87063422824531,5,2,19,-0.031163732321295864,-0.5921109141046215,"(2, 19)"
29,98.83119421819369,1,2,3,-0.2397431650158223,-0.7192294950474669,"(2, 3)"
29,98.83119421819369,2,2,5,-0.17070533609926974,-0.8535266804963486,"(2, 5)"
29,98.83119421819369,3,2,13,-0.0719507346751953,-0.9353595507775389,"(2, 13)"
29,98.83119421819369,4,3,11,-0.055924952615435425,-0.9227617181546844,"(3, 11)"
29,98.83119421819369,5,2,19,-0.044725460331719424,-0.8497837463026692,"(2, 19)"
30,101.31785100573138,1,2,3,-0.3237675222255802,-0.9713025666767406,"(2, 3)"
30,101.31785100573138,2,2,11,-0.09071006563962977,-0.9978107220359275,"(2, 11)"
30,101.31785100573138,3,2,17,-0.058727957588258634,-0.9983752790003968,"(2, 17)"
30,101.31785100573138,4,5,7,-0.051027376501782046,-0.8929790887811858,"(5, 7)"
30,101.31785100573138,5,3,7,-0.049568434031477225,-0.5204685573305109,"(3, 7)"
31,103.72553804047834,1,3,5,-0.12166827894741811,-0.9125120921056358,"(3, 5)"
31,103.72553804047834,2,2,3,-0.1156803842141202,-0.34704115264236063,"(2, 3)"
31,103.72553804047834,3,2,7,-0.059888074695691414,-0.4192165228698399,"(2, 7)"
31,103.72553804047834,4,3,11,-0.057535945378523023,-0.9493430987456298,"(3, 11)"
31,103.72553804047834,5,5,7,-0.05380958150152159,-0.9416676762766278,"(5, 7)"
32,105.44662305232609,1,2,5,-0.14363658145610209,-0.7181829072805104,"(2, 5)"
32,105.44662305232609,2,3,5,-0.11960584799418172,-0.8970438599563629,"(3, 5)"
32,105.44662305232609,3,2,11,-0.07016253822325401,-0.7717879204557941,"(2, 11)"
32,105.44662305232609,4,2,13,-0.06577429234133221,-0.8550658004373187,"(2, 13)"
32,105.44662305232609,5,3,13,-0.03980280109340711,-0.7761546213214386,"(3, 13)"
33,107.1686111842764,1,2,5,-0.13815544659972578,-0.6907772329986289,"(2, 5)"
33,107.1686111842764,2,2,7,-0.09624027406646958,-0.6736819184652871,"(2, 7)"
33,107.1686111842764,3,3,7,-0.09091514317273866,-0.954609003313756,"(3, 7)"
33,107.1686111842764,4,2,17,-0.05881953427909449,-0.9999320827446063,"(2, 17)"
33,107.1686111842764,5,2,19,-0.04237784779950308,-0.8051791081905585,"(2, 19)"
34,111.02953554316967,1,2,31,-0.029450632693703436,-0.9129696135048065,"(2, 31)"
34,111.02953554316967,2,3,19,-0.025964164436778746,-0.7399786864481943,"(3, 19)"
34,111.02953554316967,3,2,37,-0.025151962910587147,-0.9306226276917244,"(2, 37)"
34,111.02953554316967,4,3,17,-0.022657800632896963,-0.5777739161388725,"(3, 17)"
34,111.02953554316967,5,5,19,-0.017727710337517244,-0.8420662410320692,"(5, 19)"
35,111.87465917699264,1,2,5,-0.07934606320026748,-0.39673031600133735,"(2, 5)"
35,111.87465917699264,2,2,11,-0.055143963773990605,-0.6065836015138967,"(2, 11)"
35,111.87465917699264,3,2,7,-0.04919429100118292,-0.3443600370082805,"(2, 7)"
35,111.87465917699264,4,2,23,-0.04333281382297082,-0.9966547179283289,"(2, 23)"
35,111.87465917699264,5,2,13,-0.03629149113288593,-0.471789384727517,"(2, 13)"
36,114.32022091545271,1,2,3,-0.23906463891131408,-0.7171939167339423,"(2, 3)"
36,114.32022091545271,2,2,5,-0.09461803422068903,-0.4730901711034451,"(2, 5)"
36,114.32022091545271,3,3,7,-0.08235954831003829,-0.864775257255402,"(3, 7)"
36,114.32022091545271,4,2,23,-0.040178743314165814,-0.9241110962258138,"(2, 23)"
36,114.32022091545271,5,3,11,-0.03864029659614687,-0.6375648938364233,"(3, 11)"
37,116.22668032085755,1,2,3,-0.3333326840865721,-0.9999980522597163,"(2, 3)"
37,116.22668032085755,2,3,5,-0.1266193932780061,-0.9496454495850456,"(3, 5)"
37,116.22668032085755,3,2,11,-0.08877952605988372,-0.9765747866587209,"(2, 11)"
37,116.22668032085755,4,2,13,-0.05449814163347769,-0.7084758412352099,"(2, 13)"
37,116.22668032085755,5,2,17,-0.05024154801370861,-0.8541063162330463,"(2, 17)"
38,118.79078286597621,1,2,3,-0.1682719180726009,-0.5048157542178027,"(2, 3)"
38,118.79078286597621,2,2,5,-0.08913834409092108,-0.44569172045460537,"(2, 5)"
38,118.79078286597621,3,3,5,-0.07303427584342544,-0.5477570688256908,"(3, 5)"
38,118.79078286597621,4,2,13,-0.0588224941803773,-0.7646924243449048,"(2, 13)"
38,118.79078286597621,5,2,17,-0.05701125711675748,-0.9691913709848772,"(2, 17)"
39,121.37012500242065,1,3,7,-0.06385738795533503,-0.6705025735310178,"(3, 7)"
39,121.37012500242065,2,2,5,-0.06219496416827905,-0.3109748208413952,"(2, 5)"
39,121.37012500242065,3,5,7,-0.05714259533728952,-0.9999954184025667,"(5, 7)"
39,121.37012500242065,4,2,19,-0.052467453053968514,-0.9968816080254018,"(2, 19)"
39,121.37012500242065,5,3,17,-0.03918103866083419,-0.9991164858512718,"(3, 17)"
40,122.94682929355258,1,2,7,-0.1423390167049222,-0.9963731169344554,"(2, 7)"
40,122.94682929355258,2,3,7,-0.08357802071708317,-0.8775692175293733,"(3, 7)"
40,122.94682929355258,3,2,11,-0.056983355874174094,-0.626816914615915,"(2, 11)"
40,122.94682929355258,4,2,13,-0.053819769807931225,-0.6996570075031059,"(2, 13)"
40,122.94682929355258,5,3,11,-0.05379912945749138,-0.8876856360486077,"(3, 11)"
41,124.25681855434577,1,2,19,-0.05214122669611102,-0.9906833072261094,"(2, 19)"
41,124.25681855434577,2,3,19,-0.03508049811993018,-0.9997941964180102,"(3, 19)"
41,124.25681855434577,3,5,7,-0.03238455579115883,-0.5667297263452795,"(5, 7)"
41,124.25681855434577,4,5,11,-0.03038028616811042,-0.8354578696230366,"(5, 11)"
41,124.25681855434577,5,2,17,-0.025757357045670254,-0.43787506977639434,"(2, 17)"
42,127.5166838795965,1,2,5,-0.16467910134507213,-0.8233955067253607,"(2, 5)"
42,127.5166838795965,2,2,7,-0.12716924381208874,-0.8901847066846212,"(2, 7)"
42,127.5166838795965,3,3,5,-0.08952433915951671,-0.6714325436963754,"(3, 5)"
42,127.5166838795965,4,2,11,-0.07430818649278469,-0.8173900514206316,"(2, 11)"
42,127.5166838795965,5,2,17,-0.053604562163739246,-0.9112775567835671,"(2, 17)"
43,129.57870419995606,1,2,3,-0.21559578834189858,-0.6467873650256958,"(2, 3)"
43,129.57870419995606,2,3,5,-0.1301580511485176,-0.9761853836138821,"(3, 5)"
43,129.57870419995606,3,3,7,-0.09396044928994392,-0.9865847175444112,"(3, 7)"
43,129.57870419995606,4,2,13,-0.061558524965000076,-0.8002608245450009,"(2, 13)"
43,129.57870419995606,5,2,19,-0.04742298064148994,-0.9010366321883089,"(2, 19)"
44,131.08768853093267,1,2,3,-0.32250465716694715,-0.9675139715008415,"(2, 3)"
44,131.08768853093267,2,2,11,-0.08306697459495085,-0.9137367205444594,"(2, 11)"
44,131.08768853093267,3,3,5,-0.07321386847998844,-0.5491040135999133,"(3, 5)"
44,131.08768853093267,4,3,13,-0.042850919702432745,-0.8355929341974385,"(3, 13)"
44,131.08768853093267,5,3,7,-0.041957993391003985,-0.44055893060554185,"(3, 7)"
45,133.4977372029976,1,2,3,-0.25025006343792283,-0.7507501903137686,"(2, 3)"
45,133.4977372029976,2,2,5,-0.1960381440354867,-0.9801907201774334,"(2, 5)"
45,133.4977372029976,3,2,7,-0.10582136267790868,-0.7407495387453608,"(2, 7)"
45,133.4977372029976,4,2,17,-0.05775447347052646,-0.9818260489989498,"(2, 17)"
45,133.4977372029976,5,3,11,-0.04773891901212661,-0.787692163700089,"(3, 11)"
46,134.75650975337388,1,2,5,-0.11568047700284537,-0.5784023850142268,"(2, 5)"
46,134.75650975337388,2,2,3,-0.11078789926582262,-0.3323636977974679,"(2, 3)"
46,134.75650975337388,3,2,11,-0.08409510628017143,-0.9250461690818856,"(2, 11)"
46,134.75650975337388,4,3,13,-0.04864846118012682,-0.948644993012473,"(3, 13)"
46,134.75650975337388,5,2,23,-0.031958382283804494,-0.7350427925275034,"(2, 23)"
47,138.11604205453344,1,2,7,-0.13879419339841384,-0.971559353788897,"(2, 7)"
47,138.11604205453344,2,2,11,-0.08965355651704231,-0.9861891216874654,"(2, 11)"
47,138.11604205453344,3,3,7,-0.06726934584399671,-0.7063281313619655,"(3, 7)"
47,138.11604205453344,4,3,11,-0.05625924994455097,-0.928277624085091,"(3, 11)"
47,138.11604205453344,5,2,19,-0.05247089810816402,-0.9969470640551165,"(2, 19)"
48,139.7362089521214,1,2,5,-0.14409550954967942,-0.7204775477483971,"(2, 5)"
48,139.7362089521214,2,3,5,-0.0853848681176522,-0.6403865108823915,"(3, 5)"
48,139.7362089521214,3,5,7,-0.0568188861628426,-0.9943305078497455,"(5, 7)"
48,139.7362089521214,4,2,13,-0.05324135253564639,-0.692137582963403,"(2, 13)"
48,139.7362089521214,5,2,17,-0.0487663056168042,-0.8290271954856714,"(2, 17)"
49,141.12370740402113,1,2,5,-0.17503041030128483,-0.8751520515064241,"(2, 5)"
49,141.12370740402113,2,3,5,-0.13147782585593562,-0.9860836939195171,"(3, 5)"
49,141.12370740402113,3,5,7,-0.05347338088763179,-0.9357841655335564,"(5, 7)"
49,141.12370740402113,4,2,19,-0.04827398336142815,-0.917205683867135,"(2, 19)"
49,141.12370740402113,5,3,19,-0.0338877251527121,-0.9658001668522949,"(3, 19)"
50,143.11184580762063,1,2,7,-0.13958511662825604,-0.9770958163977924,"(2, 7)"
50,143.11184580762063,2,3,5,-0.08814121999136831,-0.6610591499352624,"(3, 5)"
50,143.11184580762063,3,2,13,-0.05124647661917369,-0.666204196049258,"(2, 13)"
50,143.11184580762063,4,3,11,-0.050399810368662944,-0.8315968710829386,"(3, 11)"
50,143.11184580762063,5,3,13,-0.041239951986753384,-0.804179063741691,"(3, 13)"
51,146.0009824867655,1,2,3,-0.2938034998013283,-0.881410499403985,"(2, 3)"
51,146.0009824867655,2,2,13,-0.07687964909672917,-0.9994354382574792,"(2, 13)"
51,146.0009824867655,3,2,11,-0.06899667037048648,-0.7589633740753513,"(2, 11)"
51,146.0009824867655,4,2,5,-0.05173674941032931,-0.25868374705164654,"(2, 5)"
51,146.0009824867655,5,3,7,-0.03590781250758888,-0.37703203132968327,"(3, 7)"
52,147.42276534255961,1,2,3,-0.3321432379390218,-0.9964297138170655,"(2, 3)"
52,147.42276534255961,2,2,5,-0.19999594161826148,-0.9999797080913073,"(2, 5)"
52,147.42276534255961,3,2,7,-0.112135314135747,-0.784947198950229,"(2, 7)"
52,147.42276534255961,4,3,11,-0.06034268533958939,-0.995654308103225,"(3, 11)"
52,147.42276534255961,5,3,13,-0.04237038456353341,-0.8262224989889015,"(3, 13)"
53,150.05352042078488,1,2,3,-0.13579530985647642,-0.40738592956942926,"(2, 3)"
53,150.05352042078488,2,3,17,-0.03497774154280058,-0.8919324093414149,"(3, 17)"
53,150.05352042078488,3,2,31,-0.03103769897630759,-0.9621686682655353,"(2, 31)"
53,150.05352042078488,4,2,13,-0.022881920329795975,-0.29746496428734764,"(2, 13)"
53,150.05352042078488,5,2,11,-0.021286754808002784,-0.23415430288803063,"(2, 11)"
54,150.92525761224147,1,3,7,-0.05719193282718755,-0.6005152946854693,"(3, 7)"
54,150.92525761224147,2,2,17,-0.048747357340792614,-0.8287050747934744,"(2, 17)"
54,150.92525761224147,3,2,41,-0.023094131190308943,-0.9468593788026666,"(2, 41)"
54,150.92525761224147,4,3,29,-0.022976772408512623,-0.9994895997702992,"(3, 29)"
54,150.92525761224147,5,2,3,-0.022027553326967587,-0.06608265998090276,"(2, 3)"
55,153.0246938111989,1,2,7,-0.14254121521970986,-0.997788506537969,"(2, 7)"
55,153.0246938111989,2,3,5,-0.12426775427489418,-0.9320081570617064,"(3, 5)"
55,153.0246938111989,3,2,11,-0.09029429791249242,-0.9932372770374167,"(2, 11)"
55,153.0246938111989,4,2,5,-0.08049805997669551,-0.40249029988347756,"(2, 5)"
55,153.0246938111989,5,2,13,-0.065698193231894,-0.854076512014622,"(2, 13)"
56,156.11290929423788,1,2,13,-0.07684738157553055,-0.9990159604818971,"(2, 13)"
56,156.11290929423788,2,2,11,-0.056353818435615134,-0.6198920027917665,"(2, 11)"
56,156.11290929423788,3,3,5,-0.047485909272706274,-0.3561443195452971,"(3, 5)"
56,156.11290929423788,4,3,13,-0.04678068197975704,-0.9122232986052622,"(3, 13)"
56,156.11290929423788,5,5,7,-0.036434379636748504,-0.6376016436430988,"(5, 7)"
57,157.59759181759406,1,2,7,-0.12618777634162445,-0.8833144343913711,"(2, 7)"
57,157.59759181759406,2,5,7,-0.05306949825076731,-0.928716219388428,"(5, 7)"
57,157.59759181759406,3,2,19,-0.05156350529026312,-0.9797066005149994,"(2, 19)"
57,157.59759181759406,4,3,11,-0.05133762356352778,-0.8470707887982083,"(3, 11)"
57,157.59759181759406,5,3,17,-0.039165913006256645,-0.9987307816595444,"(3, 17)"
58,158.8499881714205,1,3,7,-0.08379618119309175,-0.8798599025274634,"(3, 7)"
58,158.8499881714205,2,2,7,-0.06720085355965438,-0.4704059749175807,"(2, 7)"
58,158.8499881714205,3,5,7,-0.057093572398624295,-0.9991375169759252,"(5, 7)"
58,158.8499881714205,4,2,13,-0.033821921188926705,-0.4396849754560471,"(2, 13)"
58,158.8499881714205,5,3,23,-0.028976177272796992,-0.9996781159114962,"(3, 23)"
59,161.18896413759603,1,2,3,-0.27188324803186953,-0.8156497440956086,"(2, 3)"
59,161.18896413759603,2,2,5,-0.19983110934348913,-0.9991555467174457,"(2, 5)"
59,161.18896413759603,3,3,17,-0.039215485633463,-0.9999948836533065,"(3, 17)"
59,161.18896413759603,4,5,7,-0.03862601382635653,-0.6759552419612394,"(5, 7)"
59,161.18896413759603,5,3,13,-0.037942570489132466,-0.7398801245380832,"(3, 13)"
60,163.030709687182,1,2,3,-0.33052846422045545,-0.9915853926613664,"(2, 3)"
60,163.030709687182,2,2,7,-0.1427680783988091,-0.9993765487916636,"(2, 7)"
60,163.030709687182,3,2,13,-0.0700242938419418,-0.9103158199452432,"(2, 13)"
60,163.030709687182,4,2,17,-0.0578760957696121,-0.9838936280834057,"(2, 17)"
60,163.030709687182,5,2,19,-0.04523320573610475,-0.8594309089859904,"(2, 19)"
61,165.5370691879004,1,2,3,-0.13736020526289583,-0.4120806157886875,"(2, 3)"
61,165.5370691879004,2,3,5,-0.12876849480687722,-0.9657637110515792,"(3, 5)"
61,165.5370691879004,3,2,17,-0.04345164919299665,-0.738678036280943,"(2, 17)"
61,165.5370691879004,4,3,7,-0.04213832227657293,-0.44245238390401576,"(3, 7)"
61,165.5370691879004,5,3,13,-0.034589842239184924,-0.6745019236641061,"(3, 13)"
62,167.1844399781745,1,2,5,-0.1465438482673557,-0.7327192413367785,"(2, 5)"
62,167.1844399781745,2,3,5,-0.11159449504789481,-0.8369587128592111,"(3, 5)"
62,167.1844399781745,3,3,7,-0.09144043535819144,-0.9601245712610101,"(3, 7)"
62,167.1844399781745,4,2,7,-0.07179508967267527,-0.5025656277087269,"(2, 7)"
62,167.1844399781745,5,2,11,-0.05809247776808857,-0.6390172554489743,"(2, 11)"
63,169.09451541556882,1,2,5,-0.10777466663451585,-0.5388733331725792,"(2, 5)"
63,169.09451541556882,2,2,13,-0.054176036197242275,-0.7042884705641496,"(2, 13)"
63,169.09451541556882,3,3,13,-0.049857402887131815,-0.9722193562990704,"(3, 13)"
63,169.09451541556882,4,2,17,-0.048869183575958944,-0.830776120791302,"(2, 17)"
63,169.09451541556882,5,2,19,-0.04491409089482056,-0.8533677270015907,"(2, 19)"
64,169.9119764794117,1,2,13,-0.05676638545152629,-0.7379630108698417,"(2, 13)"
64,169.9119764794117,2,3,13,-0.029309956129396596,-0.5715441445232337,"(3, 13)"
64,169.9119764794117,3,2,59,-0.016790380696036784,-0.9906324610661702,"(2, 59)"
64,169.9119764794117,4,5,11,-0.01583855843747651,-0.435560357030604,"(5, 11)"
64,169.9119764794117,5,2,47,-0.014821067203234574,-0.696590158552025,"(2, 47)"
65,173.41153651959155,1,2,7,-0.1271293705809962,-0.8899055940669733,"(2, 7)"
65,173.41153651959155,2,3,7,-0.07137206151581302,-0.7494066459160368,"(3, 7)"
65,173.41153651959155,3,3,13,-0.05036653007517745,-0.9821473364659603,"(3, 13)"
65,173.41153651959155,4,2,5,-0.04850247675868347,-0.24251238379341736,"(2, 5)"
65,173.41153651959155,5,2,13,-0.04103942476597412,-0.5335125219576635,"(2, 13)"
66,174.75419152336573,1,2,5,-0.1990871552968515,-0.9954357764842574,"(2, 5)"
66,174.75419152336573,2,3,7,-0.08719237300881597,-0.9155199165925677,"(3, 7)"
66,174.75419152336573,3,2,11,-0.07800026304106547,-0.8580028934517201,"(2, 11)"
66,174.75419152336573,4,2,17,-0.058280316088631164,-0.9907653735067298,"(2, 17)"
66,174.75419152336573,5,2,3,-0.05668728975647983,-0.1700618692694395,"(2, 3)"
67,176.44143429771043,1,2,3,-0.2515259412612516,-0.7545778237837548,"(2, 3)"
67,176.44143429771043,2,3,5,-0.07478033007942016,-0.5608524755956512,"(3, 5)"
67,176.44143429771043,3,2,13,-0.0709632083142969,-0.9225217080858595,"(2, 13)"
67,176.44143429771043,4,3,11,-0.060366670937789794,-0.9960500704735316,"(3, 11)"
67,176.44143429771043,5,5,7,-0.05419480811714063,-0.9484091420499611,"(5, 7)"
68,178.37740777609997,1,2,3,-0.33253591624228507,-0.9976077487268553,"(2, 3)"
68,178.37740777609997,2,3,5,-0.13332106870138166,-0.9999080152603625,"(3, 5)"
68,178.37740777609997,3,2,7,-0.1309298411454399,-0.9165088880180794,"(2, 7)"
68,178.37740777609997,4,2,11,-0.07259392798851493,-0.7985332078736641,"(2, 11)"
68,178.37740777609997,5,5,7,-0.05408202155143979,-0.9464353771501963,"(5, 7)"
69,179.916484020257,1,2,3,-0.2563962616295819,-0.7691887848887458,"(2, 3)"
69,179.916484020257,2,3,5,-0.09291687259176414,-0.696876544438231,"(3, 5)"
69,179.916484020257,3,2,13,-0.06271078337976266,-0.8152401839369146,"(2, 13)"
69,179.916484020257,4,2,19,-0.05135211893357633,-0.9756902597379503,"(2, 19)"
69,179.916484020257,5,5,7,-0.03785729687290046,-0.662502695275758,"(5, 7)"
70,182.20707848436646,1,2,5,-0.18006795754827265,-0.9003397877413633,"(2, 5)"
70,182.20707848436646,2,3,7,-0.08593716952389835,-0.9023402800009327,"(3, 7)"
70,182.20707848436646,3,2,11,-0.08371499054863236,-0.9208648960349559,"(2, 11)"
70,182.20707848436646,4,2,7,-0.06808948199989495,-0.4766263739992647,"(2, 7)"
70,182.20707848436646,5,3,13,-0.05076866381399005,-0.9899889443728059,"(3, 13)"
71,184.8744678483875,1,2,31,-0.019672615600263323,-0.609851083608163,"(2, 31)"
71,184.8744678483875,2,2,53,-0.016847657138648924,-0.8929258283483931,"(2, 53)"
71,184.8744678483875,3,2,61,-0.01516070715871816,-0.9248031366818078,"(2, 61)"
71,184.8744678483875,4,2,59,-0.014788878983842273,-0.8725438600466942,"(2, 59)"
71,184.8744678483875,5,2,29,-0.014030296965140516,-0.40687861198907493,"(2, 29)"
72,185.59878367770747,1,2,11,-0.05638988156880577,-0.6202886972568634,"(2, 11)"
72,185.59878367770747,2,2,19,-0.05263086830092029,-0.9999864977174856,"(2, 19)"
72,185.59878367770747,3,3,11,-0.04404232652246628,-0.7266983876206936,"(3, 11)"
72,185.59878367770747,4,3,19,-0.034695872091910614,-0.9888323546194525,"(3, 19)"
72,185.59878367770747,5,3,13,-0.020093473078231013,-0.39182272502550475,"(3, 13)"
73,187.22892258350186,1,2,7,-0.06909136149632535,-0.4836395304742775,"(2, 7)"
73,187.22892258350186,2,2,5,-0.06657048618821311,-0.33285243094106554,"(2, 5)"
73,187.22892258350186,3,5,11,-0.03634403845333037,-0.9994610574665851,"(5, 11)"
73,187.22892258350186,4,5,13,-0.03031835241821067,-0.9853464535918467,"(5, 13)"
73,187.22892258350186,5,7,11,-0.025464939220143708,-0.9804001599755326,"(7, 11)"
74,189.41615865601693,1,2,5,-0.14320923070738642,-0.716046153536932,"(2, 5)"
74,189.41615865601693,2,3,5,-0.10767846016015215,-0.8075884512011411,"(3, 5)"
74,189.41615865601693,3,3,7,-0.09177039339867579,-0.9635891306860959,"(3, 7)"
74,189.41615865601693,4,2,11,-0.07084774029105899,-0.7793251432016488,"(2, 11)"
74,189.41615865601693,5,2,13,-0.06925204912087467,-0.9002766385713706,"(2, 13)"
75,192.0266563607138,1,2,3,-0.25925223206633563,-0.7777566961990069,"(2, 3)"
75,192.0266563607138,2,3,5,-0.10174113149305557,-0.7630584861979167,"(3, 5)"
75,192.0266563607138,3,2,17,-0.04858606291681283,-0.8259630695858182,"(2, 17)"
75,192.0266563607138,4,2,7,-0.0328527454379558,-0.22996921806569062,"(2, 7)"
75,192.0266563607138,5,3,19,-0.029875623958695755,-0.8514552828228291,"(3, 19)"
76,193.0797266038457,1,2,3,-0.32274495656682944,-0.9682348697004883,"(2, 3)"
76,193.0797266038457,2,2,7,-0.142829975008681,-0.9998098250607671,"(2, 7)"
76,193.0797266038457,3,2,13,-0.07633342532529519,-0.9923345292288375,"(2, 13)"
76,193.0797266038457,4,2,11,-0.06864883033560058,-0.7551371336916064,"(2, 11)"
76,193.0797266038457,5,3,5,-0.043217948318139326,-0.32413461238604496,"(3, 5)"
77,195.26539667952923,1,2,3,-0.2686557220557793,-0.805967166167338,"(2, 3)"
77,195.26539667952923,2,2,5,-0.1977269954609749,-0.9886349773048745,"(2, 5)"
77,195.26539667952923,3,2,17,-0.05875279500263019,-0.9987975150447133,"(2, 17)"
77,195.26539667952923,4,5,7,-0.05504109282510183,-0.963219124439282,"(5, 7)"
77,195.26539667952923,5,3,7,-0.0468532422229833,-0.4919590433413247,"(3, 7)"
78,196.87648184095832,1,2,3,-0.09342119020854106,-0.2802635706256232,"(2, 3)"
78,196.87648184095832,2,3,7,-0.09073869729386914,-0.9527563215856261,"(3, 7)"
78,196.87648184095832,3,2,11,-0.07863813556214835,-0.8650194911836319,"(2, 11)"
78,196.87648184095832,4,5,7,-0.05507224985285273,-0.9637643724249229,"(5, 7)"
78,196.87648184095832,5,2,19,-0.05083758339281929,-0.9659140844635665,"(2, 19)"
79,198.01530967625192,1,2,7,-0.14183710356539145,-0.9928597249577402,"(2, 7)"
79,198.01530967625192,2,2,17,-0.055274461207020086,-0.9396658405193414,"(2, 17)"
79,198.01530967625192,3,5,7,-0.04537931545243101,-0.7941380204175428,"(5, 7)"
79,198.01530967625192,4,3,7,-0.02789526549672437,-0.2929002877156059,"(3, 7)"
79,198.01530967625192,5,2,31,-0.023220232615218713,-0.7198272110717802,"(2, 31)"
80,201.2647519437038,1,2,5,-0.11845132542761785,-0.5922566271380892,"(2, 5)"
80,201.2647519437038,2,3,5,-0.0868536424708572,-0.6514023185314289,"(3, 5)"
80,201.2647519437038,3,2,11,-0.07113765507039974,-0.782514205774397,"(2, 11)"
80,201.2647519437038,4,2,17,-0.05580598904562932,-0.9487018137756985,"(2, 17)"
80,201.2647519437038,5,3,11,-0.04444061605174287,-0.7332701648537573,"(3, 11)"
81,202.49359451414054,1,2,5,-0.1964371168163897,-0.9821855840819484,"(2, 5)"
81,202.49359451414054,2,3,5,-0.1297106551115869,-0.9728299133369017,"(3, 5)"
81,202.49359451414054,3,2,7,-0.10029243253037862,-0.7020470277126504,"(2, 7)"
81,202.49359451414054,4,2,19,-0.04959697272745991,-0.9423424818217383,"(2, 19)"
81,202.49359451414054,5,3,19,-0.03497141194209786,-0.996685240349789,"(3, 19)"
82,204.18967180310455,1,3,5,-0.10751987274080244,-0.8063990455560183,"(3, 5)"
82,204.18967180310455,2,3,7,-0.09290345856465336,-0.9754863149288604,"(3, 7)"
82,204.18967180310455,3,2,11,-0.07373290347961621,-0.8110619382757782,"(2, 11)"
82,204.18967180310455,4,2,17,-0.05623042281792548,-0.9559171879047331,"(2, 17)"
82,204.18967180310455,5,2,7,-0.03375515003270939,-0.23628605022896573,"(2, 7)"
83,205.3946972021633,1,3,11,-0.05973711579530082,-0.9856624106224635,"(3, 11)"
83,205.3946972021633,2,2,19,-0.043754873355515755,-0.8313425937547994,"(2, 19)"
83,205.3946972021633,3,3,5,-0.042255906018213885,-0.31691929513660416,"(3, 5)"
83,205.3946972021633,4,3,7,-0.030672397203800373,-0.32206017063990394,"(3, 7)"
83,205.3946972021633,5,2,29,-0.029877357265117463,-0.8664433606884064,"(2, 29)"
84,207.90625888780622,1,2,3,-0.28856354747423707,-0.8656906424227112,"(2, 3)"
84,207.90625888780622,2,2,7,-0.13668900235127068,-0.9568230164588949,"(2, 7)"
84,207.90625888780622,3,2,5,-0.08450376062089289,-0.42251880310446444,"(2, 5)"
84,207.90625888780622,4,2,11,-0.0764297361553014,-0.8407270977083153,"(2, 11)"
84,207.90625888780622,5,2,19,-0.05259021298991318,-0.9992140468083506,"(2, 19)"
85,209.57650971685626,1,2,3,-0.32944144350556764,-0.988324330516703,"(2, 3)"
85,209.57650971685626,2,2,5,-0.18453293397468218,-0.9226646698734108,"(2, 5)"
85,209.57650971685626,3,2,13,-0.0704457356516907,-0.9157945634719791,"(2, 13)"
85,209.57650971685626,4,2,17,-0.04343328348595682,-0.738365819261266,"(2, 17)"
85,209.57650971685626,5,2,23,-0.042420477536445324,-0.9756709833382425,"(2, 23)"
86,211.6908625953653,1,2,3,-0.17721440095070307,-0.5316432028521092,"(2, 3)"
86,211.6908625953653,2,3,7,-0.09113967989939246,-0.956966638943621,"(3, 7)"
86,211.6908625953653,3,2,11,-0.0836062213456489,-0.9196684348021379,"(2, 11)"
86,211.6908625953653,4,3,13,-0.042106142094001174,-0.8210697708330229,"(3, 13)"
86,211.6908625953653,5,3,17,-0.03660216909212152,-0.9333553118490989,"(3, 17)"
87,213.34791935971268,1,2,7,-0.1387965498389008,-0.9715758488723057,"(2, 7)"
87,213.34791935971268,2,3,5,-0.07513565040397367,-0.5635173780298025,"(3, 5)"
87,213.34791935971268,3,2,13,-0.07191500890737654,-0.934895115795895,"(2, 13)"
87,213.34791935971268,4,5,7,-0.05092138808715191,-0.8911242915251584,"(5, 7)"
87,213.34791935971268,5,2,19,-0.04934515049099413,-0.9375578593288886,"(2, 19)"
88,214.54704478349143,1,3,5,-0.12480432215358703,-0.9360324161519027,"(3, 5)"
88,214.54704478349143,2,5,7,-0.0570127009570362,-0.9977222667481335,"(5, 7)"
88,214.54704478349143,3,2,5,-0.04713786933452752,-0.2356893466726376,"(2, 5)"
88,214.54704478349143,4,3,11,-0.04025235198465289,-0.6641638077467727,"(3, 11)"
88,214.54704478349143,5,2,23,-0.034674487547969236,-0.7975132136032925,"(2, 23)"
89,216.1695385082637,1,2,5,-0.19763898614229566,-0.9881949307114782,"(2, 5)"
89,216.1695385082637,2,3,5,-0.118924254282948,-0.89193190712211,"(3, 5)"
89,216.1695385082637,3,2,13,-0.061752940847789164,-0.8027882310212591,"(2, 13)"
89,216.1695385082637,4,2,11,-0.05300828468565271,-0.5830911315421798,"(2, 11)"
89,216.1695385082637,5,5,7,-0.05072712979021807,-0.8877247713288162,"(5, 7)"
90,219.0675963490214,1,3,7,-0.09199934854680715,-0.9659931597414751,"(3, 7)"
90,219.0675963490214,2,2,11,-0.08392769780629683,-0.9232046758692651,"(2, 11)"
90,219.0675963490214,3,2,7,-0.062084529747495024,-0.4345917082324652,"(2, 7)"
90,219.0675963490214,4,2,19,-0.05257838458245142,-0.9989893070665771,"(2, 19)"
90,219.0675963490214,5,2,17,-0.0441522254463267,-0.7505878325875539,"(2, 17)"
91,220.714918839314,1,3,13,-0.0511945545952519,-0.9982938146074121,"(3, 13)"
91,220.714918839314,2,3,11,-0.038324544903975626,-0.6323549909155978,"(3, 11)"
91,220.714918839314,3,5,13,-0.02823229212843081,-0.9175494941740013,"(5, 13)"
91,220.714918839314,4,3,23,-0.027491375042020556,-0.9484524389497091,"(3, 23)"
91,220.714918839314,5,2,37,-0.027014072002980814,-0.9995206641102901,"(2, 37)"
92,221.43070555469333,1,2,3,-0.0815098032013672,-0.24452940960410163,"(2, 3)"
92,221.43070555469333,2,2,5,-0.051836772866209926,-0.2591838643310496,"(2, 5)"
92,221.43070555469333,3,2,17,-0.05150558652543952,-0.8755949709324718,"(2, 17)"
92,221.43070555469333,4,2,19,-0.028077277853425384,-0.5334682792150823,"(2, 19)"
92,221.43070555469333,5,2,31,-0.02700459866831783,-0.8371425587178527,"(2, 31)"
93,224.00700025460432,1,2,3,-0.3204286771214938,-0.9612860313644814,"(2, 3)"
93,224.00700025460432,2,2,5,-0.09916431032780039,-0.49582155163900193,"(2, 5)"
93,224.00700025460432,3,2,7,-0.07404358831156581,-0.5183051181809607,"(2, 7)"
93,224.00700025460432,4,3,11,-0.02642501390970098,-0.43601272951006614,"(3, 11)"
93,224.00700025460432,5,3,23,-0.021309339634112155,-0.7351722173768693,"(3, 23)"
94,224.9833246695823,1,2,3,-0.3310660502844552,-0.9931981508533656,"(2, 3)"
94,224.9833246695823,2,3,11,-0.05993554800205559,-0.9889365420339172,"(3, 11)"
94,224.9833246695823,3,3,13,-0.05125213319097249,-0.9994165972239636,"(3, 13)"
94,224.9833246695823,4,3,7,-0.05071288797048786,-0.5324853236901226,"(3, 7)"
94,224.9833246695823,5,2,23,-0.04164585062541273,-0.9578545643844928,"(2, 23)"
95,227.4214442796793,1,2,3,-0.14963000701783397,-0.4488900210535019,"(2, 3)"
95,227.4214442796793,2,3,5,-0.13304103870633213,-0.997807790297491,"(3, 5)"
95,227.4214442796793,3,2,7,-0.07960219127094185,-0.557215338896593,"(2, 7)"
95,227.4214442796793,4,2,17,-0.05699596075917493,-0.9689313329059738,"(2, 17)"
95,227.4214442796793,5,2,19,-0.05242990418888976,-0.9961681795889055,"(2, 19)"
96,229.33741330552536,1,2,5,-0.18808205351923463,-0.9404102675961731,"(2, 5)"
96,229.33741330552536,2,3,5,-0.08156944639882363,-0.6117708479911772,"(3, 5)"
96,229.33741330552536,3,3,11,-0.05383810959744807,-0.8883288083578932,"(3, 11)"
96,229.33741330552536,4,3,13,-0.050811742908309504,-0.9908289867120353,"(3, 13)"
96,229.33741330552536,5,2,13,-0.033242080186563314,-0.43214704242532304,"(2, 13)"
97,231.25018870049917,1,5,7,-0.04256050057685227,-0.7448087600949147,"(5, 7)"
97,231.25018870049917,2,2,5,-0.03287008922959727,-0.16435044614798633,"(2, 5)"
97,231.25018870049917,3,2,29,-0.030321230318774997,-0.879315679244475,"(2, 29)"
97,231.25018870049917,4,3,29,-0.022986716649436315,-0.9999221742504797,"(3, 29)"
97,231.25018870049917,5,2,37,-0.020542210385646853,-0.7600617842689336,"(2, 37)"
98,231.98723525318024,1,5,7,-0.050617907274631134,-0.8858133773060449,"(5, 7)"
98,231.98723525318024,2,2,41,-0.024200378073473833,-0.9922155010124272,"(2, 41)"
98,231.98723525318024,3,3,7,-0.020109140358122717,-0.21114597376028854,"(3, 7)"
98,231.98723525318024,4,2,47,-0.019656913397309787,-0.92387492967356,"(2, 47)"
98,231.98723525318024,5,3,41,-0.01548555963081012,-0.9523619172948223,"(3, 41)"
99,233.6934041789083,1,2,7,-0.11836087426652815,-0.8285261198656971,"(2, 7)"
99,233.6934041789083,2,3,7,-0.09487304358884513,-0.9961669576828739,"(3, 7)"
99,233.6934041789083,3,2,11,-0.07534314496054634,-0.8287745945660097,"(2, 11)"
99,233.6934041789083,4,5,7,-0.056903680822315644,-0.9958144143905238,"(5, 7)"
99,233.6934041789083,5,2,13,-0.056469866679822185,-0.7341082668376884,"(2, 13)"
100,236.5242296658162,1,2,5,-0.19979813120619716,-0.9989906560309858,"(2, 5)"
100,236.5242296658162,2,2,13,-0.07475479524966637,-0.9718123382456628,"(2, 13)"
100,236.5242296658162,3,2,17,-0.054603658130406844,-0.9282621882169164,"(2, 17)"
100,236.5242296658162,4,3,19,-0.034917148929891,-0.9951387445018935,"(3, 19)"
100,236.5242296658162,5,5,7,-0.02872852065821735,-0.5027491115188036,"(5, 7)"
101,237.7698204809252,1,2,3,-0.18511840132943924,-0.5553552039883177,"(2, 3)"
101,237.7698204809252,2,2,7,-0.11933188126346835,-0.8353231688442785,"(2, 7)"
101,237.7698204809252,3,2,5,-0.09136213179978105,-0.4568106589989052,"(2, 5)"
101,237.7698204809252,4,2,11,-0.090672275772741,-0.997395033500151,"(2, 11)"
101,237.7698204809252,5,3,5,-0.06481079880774815,-0.48608099105811114,"(3, 5)"
102,239.55547757332764,1,2,3,-0.3223020409131504,-0.9669061227394512,"(2, 3)"
102,239.55547757332764,2,3,5,-0.13181540587453222,-0.9886155440589918,"(3, 5)"
102,239.55547757332764,3,3,11,-0.05897280082149947,-0.9730512135547412,"(3, 11)"
102,239.55547757332764,4,2,13,-0.05092464596935007,-0.6620203976015508,"(2, 13)"
102,239.55547757332764,5,2,17,-0.04904288459783737,-0.8337290381632353,"(2, 17)"
103,241.04915779621658,1,2,3,-0.313391911994185,-0.940175735982555,"(2, 3)"
103,241.04915779621658,2,3,5,-0.109135495129663,-0.8185162134724725,"(3, 5)"
103,241.04915779621658,3,3,7,-0.09517321775820191,-0.99931878646112,"(3, 7)"
103,241.04915779621658,4,2,11,-0.07396011330021086,-0.8135612463023194,"(2, 11)"
103,241.04915779621658,5,3,17,-0.037552293430524186,-0.9575834824783668,"(3, 17)"
104,242.8232719342226,1,2,5,-0.16983609025644186,-0.8491804512822092,"(2, 5)"
104,242.8232719342226,2,2,3,-0.16092024016534479,-0.48276072049603436,"(2, 3)"
104,242.8232719342226,3,2,7,-0.12293305337197973,-0.8605313736038581,"(2, 7)"
104,242.8232719342226,4,2,13,-0.040664156714718104,-0.5286340372913353,"(2, 13)"
104,242.8232719342226,5,5,11,-0.035767274627499686,-0.9836000522562415,"(5, 11)"
105,244.07089849707816,1,2,5,-0.1665407188217141,-0.8327035941085704,"(2, 5)"
105,244.07089849707816,2,2,7,-0.07372967185813757,-0.5161077030069631,"(2, 7)"
105,244.07089849707816,3,3,11,-0.05958641749645322,-0.9831758886914781,"(3, 11)"
105,244.07089849707816,4,2,19,-0.050219789773488926,-0.9541760056962897,"(2, 19)"
105,244.07089849707816,5,2,31,-0.03161538450150141,-0.9800769195465439,"(2, 31)"
106,247.1369900748975,1,2,13,-0.054824188582491266,-0.7127144515723864,"(2, 13)"
106,247.1369900748975,2,2,19,-0.050032461734700356,-0.9506167729593068,"(2, 19)"
106,247.1369900748975,3,3,7,-0.044209545861177264,-0.4642002315423613,"(3, 7)"
106,247.1369900748975,4,3,19,-0.028120272288298543,-0.8014277602165085,"(3, 19)"
106,247.1369900748975,5,5,13,-0.02665962317323781,-0.8664377531302287,"(5, 13)"
107,248.10199006014847,1,2,7,-0.1398749461417254,-0.9791246229920779,"(2, 7)"
107,248.10199006014847,2,3,7,-0.09177696461019172,-0.963658128407013,"(3, 7)"
107,248.10199006014847,3,2,17,-0.05880438209277845,-0.9996744955772336,"(2, 17)"
107,248.10199006014847,4,2,23,-0.04043735870876231,-0.9300592503015332,"(2, 23)"
107,248.10199006014847,5,3,17,-0.03918397236463426,-0.9991912952981735,"(3, 17)"
108,249.5736896447072,1,2,5,-0.15870639533997133,-0.7935319766998566,"(2, 5)"
108,249.5736896447072,2,3,7,-0.05332268651349007,-0.5598882083916458,"(3, 7)"
108,249.5736896447072,3,3,11,-0.04701854222580714,-0.7758059467258178,"(3, 11)"
108,249.5736896447072,4,2,19,-0.04663806295332028,-0.8861231961130853,"(2, 19)"
108,249.5736896447072,5,2,13,-0.04507398810405193,-0.585961845352675,"(2, 13)"
109,251.014947795016,1,2,5,-0.15720962089823573,-0.7860481044911786,"(2, 5)"
109,251.014947795016,2,3,5,-0.11149681218456686,-0.8362260913842515,"(3, 5)"
109,251.014947795016,3,2,17,-0.05880694367169241,-0.999718042418771,"(2, 17)"
109,251.014947795016,4,5,7,-0.053410240183242384,-0.9346792032067417,"(5, 7)"
109,251.014947795016,5,3,13,-0.04485137722353309,-0.8746018558588953,"(3, 13)"
110,253.06998674799948,1,2,3,-0.16251866194385284,-0.48755598583155857,"(2, 3)"
110,253.06998674799948,2,2,7,-0.13790210412341727,-0.9653147288639209,"(2, 7)"
110,253.06998674799948,3,3,5,-0.11891589898764855,-0.8918692424073642,"(3, 5)"
110,253.06998674799948,4,2,13,-0.05964175502162801,-0.7753428152811641,"(2, 13)"
110,253.06998674799948,5,5,7,-0.054096067810373405,-0.9466811866815346,"(5, 7)"
111,255.30625645491403,1,2,3,-0.3293485572594477,-0.9880456717783432,"(2, 3)"
111,255.30625645491403,2,3,7,-0.08577970982639158,-0.9006869531771116,"(3, 7)"
111,255.30625645491403,3,2,19,-0.052097551960873414,-0.9898534872565949,"(2, 19)"
111,255.30625645491403,4,3,13,-0.044617711850721206,-0.8700453810890636,"(3, 13)"
111,255.30625645491403,5,3,17,-0.03897840239148109,-0.9939492609827678,"(3, 17)"
112,256.38071369443446,1,2,3,-0.32027097308773267,-0.960812919263198,"(2, 3)"
112,256.38071369443446,2,2,5,-0.15294560014759656,-0.7647280007379827,"(2, 5)"
112,256.38071369443446,3,3,7,-0.08529867601011959,-0.8956360981062558,"(3, 7)"
112,256.38071369443446,4,2,11,-0.08431729494116594,-0.9274902443528252,"(2, 11)"
112,256.38071369443446,5,2,13,-0.05524006741414764,-0.7181208763839192,"(2, 13)"
113,258.6104394915314,1,2,7,-0.1319368513778103,-0.9235579596446722,"(2, 7)"
113,258.6104394915314,2,2,3,-0.1254471010521429,-0.3763413031564288,"(2, 3)"
113,258.6104394915314,3,3,11,-0.05999373502312428,-0.9898966278815506,"(3, 11)"
113,258.6104394915314,4,2,5,-0.045185777624977747,-0.2259288881248887,"(2, 5)"
113,258.6104394915314,5,2,23,-0.042948146995990706,-0.9878073809077863,"(2, 23)"
114,259.874406989678,1,2,11,-0.09076741909464196,-0.9984416100410616,"(2, 11)"
114,259.874406989678,2,2,13,-0.06700686157761447,-0.8710892005089881,"(2, 13)"
114,259.874406989678,3,2,17,-0.05860347095258023,-0.9962590061938639,"(2, 17)"
114,259.874406989678,4,3,13,-0.03062669106007898,-0.5972204756715401,"(3, 13)"
114,259.874406989678,5,5,13,-0.030520838715914714,-0.9919272582672282,"(5, 13)"
115,260.8050845045969,1,2,19,-0.04980059064920598,-0.9462112223349136,"(2, 19)"
115,260.8050845045969,2,2,23,-0.03131069181145928,-0.7201459116635636,"(2, 23)"
115,260.8050845045969,3,3,23,-0.027690872395659184,-0.9553350976502418,"(3, 23)"
115,260.8050845045969,4,3,19,-0.02597472706013225,-0.7402797212137692,"(3, 19)"
115,260.8050845045969,5,2,13,-0.02580745807463437,-0.3354969549702468,"(2, 13)"
116,263.57389390487015,1,2,5,-0.18480504625007033,-0.9240252312503516,"(2, 5)"
116,263.57389390487015,2,2,7,-0.1352234857994509,-0.9465644005961564,"(2, 7)"
116,263.57389390487015,3,3,5,-0.12016465773843008,-0.9012349330382255,"(3, 5)"
116,263.57389390487015,4,3,7,-0.091723449925468,-0.9630962242174141,"(3, 7)"
116,263.57389390487015,5,2,11,-0.09062308805265022,-0.9968539685791524,"(2, 11)"
117,265.55785183887633,1,3,5,-0.11259244809937767,-0.8444433607453325,"(3, 5)"
117,265.55785183887633,2,2,17,-0.0558945239158375,-0.9502069065692375,"(2, 17)"
117,265.55785183887633,3,2,5,-0.028944445106657668,-0.14472222553328834,"(2, 5)"
117,265.55785183887633,4,5,13,-0.023021808294893475,-0.7482087695840379,"(5, 13)"
117,265.55785183887633,5,2,47,-0.0192591930823946,-0.9051820748725461,"(2, 47)"
118,266.6149737815011,1,2,13,-0.06883316228377537,-0.8948311096890796,"(2, 13)"
118,266.6149737815011,2,3,5,-0.05985168754270881,-0.4488876565703161,"(3, 5)"
118,266.6149737815011,3,2,19,-0.05174403750370933,-0.9831367125704773,"(2, 19)"
118,266.6149737815011,4,2,11,-0.047612271732998465,-0.5237349890629831,"(2, 11)"
118,266.6149737815011,5,5,11,-0.03502509093775375,-0.9631900007882281,"(5, 11)"
119,267.92191508282406,1,2,7,-0.12483367185017388,-0.8738357029512173,"(2, 7)"
119,267.92191508282406,2,2,3,-0.08183535972889783,-0.24550607918669348,"(2, 3)"
119,267.92191508282406,3,3,13,-0.05058762785437587,-0.9864587431603296,"(3, 13)"
119,267.92191508282406,4,3,11,-0.049661773366634326,-0.8194192605494663,"(3, 11)"
119,267.92191508282406,5,5,7,-0.03287075705095293,-0.5752382483916763,"(5, 7)"
120,269.9704490239976,1,2,3,-0.2937736882704164,-0.8813210648112493,"(2, 3)"
120,269.9704490239976,2,2,5,-0.13726108099948794,-0.6863054049974396,"(2, 5)"
120,269.9704490239976,3,3,7,-0.0790905545802573,-0.8304508230927017,"(3, 7)"
120,269.9704490239976,4,2,13,-0.06875057011474714,-0.8937574114917128,"(2, 13)"
120,269.9704490239976,5,5,7,-0.05509351062067819,-0.9641364358618683,"(5, 7)"
121,271.494055641645,1,2,3,-0.3307065696262745,-0.9921197088788235,"(2, 3)"
121,271.494055641645,2,2,5,-0.16710955240468306,-0.8355477620234152,"(2, 5)"
121,271.494055641645,3,3,7,-0.07283789536554318,-0.7647979013382035,"(3, 7)"
121,271.494055641645,4,2,17,-0.057879478795351796,-0.9839511395209806,"(2, 17)"
121,271.494055641645,5,5,7,-0.05544990362670809,-0.9703733134673916,"(5, 7)"
122,273.4596091884033,1,2,3,-0.2012532696478021,-0.6037598089434063,"(2, 3)"
122,273.4596091884033,2,2,7,-0.14132743769138226,-0.9892920638396758,"(2, 7)"
122,273.4596091884033,3,2,13,-0.07511390701967263,-0.9764807912557442,"(2, 13)"
122,273.4596091884033,4,3,11,-0.05787320055227727,-0.954907809112575,"(3, 11)"
122,273.4596091884033,5,3,17,-0.03918860778369081,-0.9993094984841157,"(3, 17)"
123,275.58749264934386,1,3,5,-0.11045591533030345,-0.8284193649772759,"(3, 5)"
123,275.58749264934386,2,5,11,-0.03157341976285099,-0.8682690434784023,"(5, 11)"
123,275.58749264934386,3,2,41,-0.024182115213275214,-0.9914667237442838,"(2, 41)"
123,275.58749264934386,4,3,29,-0.022966387013078703,-0.9990378350689235,"(3, 29)"
123,275.58749264934386,5,2,43,-0.021152368533189792,-0.9095518469271611,"(2, 43)"
124,276.4520495031329,1,3,5,-0.13177823752725656,-0.9883367814544242,"(3, 5)"
124,276.4520495031329,2,2,5,-0.08013292996784949,-0.4006646498392474,"(2, 5)"
124,276.4520495031329,3,3,13,-0.05099184999974712,-0.9943410749950689,"(3, 13)"
124,276.4520495031329,4,2,13,-0.047861945731004454,-0.6222052945030578,"(2, 13)"
124,276.4520495031329,5,2,23,-0.042120413448456885,-0.9687695093145083,"(2, 23)"
125,278.25074352984194,1,2,5,-0.17650679479435313,-0.8825339739717656,"(2, 5)"
125,278.25074352984194,2,2,7,-0.14156583490495278,-0.9909608443346696,"(2, 7)"
125,278.25074352984194,3,3,5,-0.09609745395998012,-0.7207309046998509,"(3, 5)"
125,278.25074352984194,4,3,7,-0.09428206790389973,-0.9899617129909472,"(3, 7)"
125,278.25074352984194,5,2,11,-0.0908593957494702,-0.9994533532441722,"(2, 11)"
126,279.22925092774517,1,2,7,-0.06590706488476059,-0.4613494541933241,"(2, 7)"
126,279.22925092774517,2,3,7,-0.053767493361146106,-0.5645586802920342,"(3, 7)"
126,279.22925092774517,3,2,23,-0.04213599768177581,-0.9691279466808437,"(2, 23)"
126,279.22925092774517,4,3,5,-0.04004029307636801,-0.30030219807276004,"(3, 5)"
126,279.22925092774517,5,2,5,-0.036715893413199585,-0.18357946706599793,"(2, 5)"
127,282.4651147650521,1,2,7,-0.05989844528824808,-0.4192891170177366,"(2, 7)"
127,282.4651147650521,2,2,11,-0.05874629923823682,-0.646209291620605,"(2, 11)"
127,282.4651147650521,3,3,11,-0.05121237771539659,-0.8450042323040438,"(3, 11)"
127,282.4651147650521,4,5,11,-0.034265224809765314,-0.9422936822685463,"(5, 11)"
127,282.4651147650521,5,3,23,-0.026266121832195722,-0.9061812032107524,"(3, 23)"
128,283.2111857332339,1,2,7,-0.13990977797893467,-0.9793684458525427,"(2, 7)"
128,283.2111857332339,2,2,5,-0.06336700488192894,-0.31683502440964467,"(2, 5)"
128,283.2111857332339,3,2,17,-0.05718327029349821,-0.9721155949894696,"(2, 17)"
128,283.2111857332339,4,3,11,-0.05569997353853931,-0.9190495633858986,"(3, 11)"
128,283.2111857332339,5,2,3,-0.05446212491105885,-0.16338637473317655,"(2, 3)"
129,284.83596398090475,1,2,3,-0.24437669485474328,-0.7331300845642299,"(2, 3)"
129,284.83596398090475,2,2,5,-0.19425029390935758,-0.9712514695467879,"(2, 5)"
129,284.83596398090475,3,3,7,-0.08060324771275712,-0.8463341009839498,"(3, 7)"
129,284.83596398090475,4,3,13,-0.050574645136885366,-0.9862055801692646,"(3, 13)"
129,284.83596398090475,5,3,17,-0.025978272483518586,-0.6624459483297239,"(3, 17)"
130,286.6674453630029,1,2,3,-0.3333286843783726,-0.9999860531351178,"(2, 3)"
130,286.6674453630029,2,2,13,-0.06226475211938471,-0.8094417775520012,"(2, 13)"
130,286.6674453630029,3,3,7,-0.05224990506382432,-0.5486240031701554,"(3, 7)"
130,286.6674453630029,4,3,5,-0.04609752735307653,-0.345731455148074,"(3, 5)"
130,286.6674453630029,5,2,23,-0.03945152121252917,-0.907384987888171,"(2, 23)"
131,287.9119205014222,1,2,3,-0.2926377525494738,-0.8779132576484213,"(2, 3)"
131,287.9119205014222,2,2,7,-0.11808523867812926,-0.8265966707469048,"(2, 7)"
131,287.9119205014222,3,3,5,-0.11137698163782533,-0.83532736228369,"(3, 5)"
131,287.9119205014222,4,3,11,-0.05901652424213576,-0.9737726499952399,"(3, 11)"
131,287.9119205014222,5,5,7,-0.04973088829467809,-0.8702905451568665,"(5, 7)"
132,289.5798549292188,1,3,5,-0.1285043755752889,-0.9637828168146668,"(3, 5)"
132,289.5798549292188,2,2,3,-0.12833010380774387,-0.38499031142323165,"(2, 3)"
132,289.5798549292188,3,2,11,-0.08260827180908205,-0.9086909898999025,"(2, 11)"
132,289.5798549292188,4,5,7,-0.057081859688535894,-0.9989325445493782,"(5, 7)"
132,289.5798549292188,5,3,13,-0.044839310055355776,-0.8743665460794376,"(3, 13)"
133,291.8462913290674,1,2,5,-0.18568271234063694,-0.9284135617031846,"(2, 5)"
133,291.8462913290674,2,3,7,-0.05882109908932557,-0.6176215404379185,"(3, 7)"
133,291.8462913290674,3,2,17,-0.04833005588697471,-0.8216109500785701,"(2, 17)"
133,291.8462913290674,4,2,19,-0.04765660547422146,-0.9054755040102077,"(2, 19)"
133,291.8462913290674,5,2,23,-0.040818266732968206,-0.9388201348582688,"(2, 23)"
134,293.5584341393563,1,2,7,-0.14021036526566047,-0.9814725568596234,"(2, 7)"
134,293.5584341393563,2,3,7,-0.08141038804858576,-0.8548090745101505,"(3, 7)"
134,293.5584341393563,3,2,13,-0.07359125094751043,-0.9566862623176354,"(2, 13)"
134,293.5584341393563,4,2,11,-0.05435228669717507,-0.5978751536689257,"(2, 11)"
134,293.5584341393563,5,3,13,-0.05119753373521124,-0.9983519078366192,"(3, 13)"
135,294.9653696192655,1,2,17,-0.05747275590629171,-0.9770368504069591,"(2, 17)"
135,294.9653696192655,2,3,17,-0.03560701753816428,-0.9079789472231892,"(3, 17)"
135,294.9653696192655,3,2,29,-0.03348217311127921,-0.9709830202270973,"(2, 29)"
135,294.9653696192655,4,2,23,-0.02410710202380894,-0.5544633465476057,"(2, 23)"
135,294.9653696192655,5,3,29,-0.022981971101788533,-0.9997157429278012,"(3, 29)"
136,295.57325487895827,1,3,17,-0.03186940016171153,-0.812669704123644,"(3, 17)"
136,295.57325487895827,2,2,17,-0.02740310403920484,-0.4658527686664823,"(2, 17)"
136,295.57325487895827,3,5,17,-0.021366464643728763,-0.9080747473584725,"(5, 17)"
136,295.57325487895827,4,2,47,-0.021221666344016447,-0.9974183181687731,"(2, 47)"
136,295.57325487895827,5,3,47,-0.013107116595146264,-0.9240517199578117,"(3, 47)"
137,297.97927706194344,1,2,5,-0.19204937924659812,-0.9602468962329905,"(2, 5)"
137,297.97927706194344,2,2,7,-0.12163048733950273,-0.8514134113765192,"(2, 7)"
137,297.97927706194344,3,2,17,-0.05875594578572935,-0.998851078357399,"(2, 17)"
137,297.97927706194344,4,3,13,-0.04960194589657711,-0.9672379449832538,"(3, 13)"
137,297.97927706194344,5,3,11,-0.04461204078503901,-0.7360986729531437,"(3, 11)"
138,299.8403260537213,1,2,3,-0.19461943184410957,-0.5838582955323287,"(2, 3)"
138,299.8403260537213,2,3,5,-0.09554318081617817,-0.7165738561213363,"(3, 5)"
138,299.8403260537213,3,3,7,-0.08715630750171455,-0.9151412287680029,"(3, 7)"
138,299.8403260537213,4,2,11,-0.05453938156214972,-0.5999331971836469,"(2, 11)"
138,299.8403260537213,5,2,19,-0.048177724056629935,-0.9153767570759688,"(2, 19)"
139,301.64932546219416,1,2,3,-0.3257412762520684,-0.9772238287562053,"(2, 3)"
139,301.64932546219416,2,3,5,-0.13179270077948324,-0.9884452558461244,"(3, 5)"
139,301.64932546219416,3,3,11,-0.043457137089251294,-0.7170427619726464,"(3, 11)"
139,301.64932546219416,4,3,7,-0.04168007919393649,-0.43764083153633315,"(3, 7)"
139,301.64932546219416,5,3,13,-0.040980201143169415,-0.7991139222918037,"(3, 13)"
140,302.6967495896069,1,2,3,-0.3259506486626685,-0.9778519459880055,"(2, 3)"
140,302.6967495896069,2,3,5,-0.10306869465467548,-0.7730152099100661,"(3, 5)"
140,302.6967495896069,3,2,7,-0.08592701728124452,-0.6014891209687117,"(2, 7)"
140,302.6967495896069,4,2,19,-0.05076811489988304,-0.9645941830977778,"(2, 19)"
140,302.6967495896069,5,3,11,-0.0503716915666891,-0.8311329108503701,"(3, 11)"
141,304.8643713408573,1,2,5,-0.1934136595500209,-0.9670682977501045,"(2, 5)"
141,304.8643713408573,2,2,3,-0.15423513956862892,-0.4627054187058868,"(2, 3)"
141,304.8643713408573,3,2,23,-0.0434622555837728,-0.9996318784267744,"(2, 23)"
141,304.8643713408573,4,3,19,-0.03256243936050009,-0.9280295217742526,"(3, 19)"
141,304.8643713408573,5,5,7,-0.026216708912274796,-0.4587924059648089,"(5, 7)"
142,305.7289126020368,1,2,5,-0.17207178032787826,-0.8603589016393912,"(2, 5)"
142,305.7289126020368,2,2,19,-0.05063673649949608,-0.9620979934904256,"(2, 19)"
142,305.7289126020368,3,2,3,-0.043377698936197424,-0.13013309680859228,"(2, 3)"
142,305.7289126020368,4,5,7,-0.03967769829580742,-0.6943597201766298,"(5, 7)"
142,305.7289126020368,5,3,17,-0.03211013588051498,-0.818808464953132,"(3, 17)"
143,307.2194961281701,1,3,7,-0.0859313893325853,-0.9022795879921458,"(3, 7)"
143,307.2194961281701,2,2,13,-0.07614157316147277,-0.989840451099146,"(2, 13)"
143,307.2194961281701,3,3,11,-0.059596312283139434,-0.9833391526718006,"(3, 11)"
143,307.2194961281701,4,2,11,-0.05549865807241377,-0.6104852387965515,"(2, 11)"
143,307.2194961281701,5,5,7,-0.05456141876233055,-0.9548248283407847,"(5, 7)"
144,310.1094631467019,1,2,13,-0.057266046958060896,-0.7444586104547916,"(2, 13)"
144,310.1094631467019,2,5,7,-0.044766127744843724,-0.7834072355347652,"(5, 7)"
144,310.1094631467019,3,2,23,-0.04189031853090443,-0.9634773262108018,"(2, 23)"
144,310.1094631467019,4,2,17,-0.04187139694626554,-0.7118137480865142,"(2, 17)"
144,310.1094631467019,5,3,13,-0.03550964018935845,-0.6924379836924898,"(3, 13)"
145,311.165141530356,1,2,5,-0.14397193243519127,-0.7198596621759563,"(2, 5)"
145,311.165141530356,2,2,11,-0.08101139680488477,-0.8911253648537325,"(2, 11)"
145,311.165141530356,3,2,19,-0.052561444003333006,-0.9986674360633272,"(2, 19)"
145,311.165141530356,4,3,5,-0.03949165957163077,-0.29618744678723075,"(3, 5)"
145,311.165141530356,5,3,13,-0.037799328173914126,-0.7370868993913255,"(3, 13)"
146,312.4278011806009,1,2,5,-0.1849995142358538,-0.9249975711792691,"(2, 5)"
146,312.4278011806009,2,3,5,-0.1081206988955704,-0.810905241716778,"(3, 5)"
146,312.4278011806009,3,2,17,-0.05036038639547819,-0.8561265687231293,"(2, 17)"
146,312.4278011806009,4,3,11,-0.04762927373431773,-0.7858830166162425,"(3, 11)"
146,312.4278011806009,5,2,23,-0.04084376996972723,-0.9394067093037264,"(2, 23)"
147,313.9852857311589,1,3,5,-0.1313999141607179,-0.9854993562053841,"(3, 5)"
147,313.9852857311589,2,2,7,-0.11372133591942005,-0.7960493514359404,"(2, 7)"
147,313.9852857311589,3,2,13,-0.07470887687170331,-0.9712153993321431,"(2, 13)"
147,313.9852857311589,4,2,19,-0.05262630883649748,-0.9998998678934522,"(2, 19)"
147,313.9852857311589,5,3,7,-0.051752347689286965,-0.5433996507375132,"(3, 7)"
148,315.47561608947575,1,2,3,-0.20955939321374784,-0.6286781796412435,"(2, 3)"
148,315.47561608947575,2,3,7,-0.091877583277144,-0.9647146244100121,"(3, 7)"
148,315.47561608947575,3,3,5,-0.07951835459477574,-0.5963876594608181,"(3, 5)"
148,315.47561608947575,4,2,11,-0.07533150116631451,-0.8286465128294597,"(2, 11)"
148,315.47561608947575,5,2,17,-0.05613104815213191,-0.9542278185862424,"(2, 17)"
149,317.7348059423702,1,2,3,-0.3332285157632744,-0.9996855472898233,"(2, 3)"
149,317.7348059423702,2,2,5,-0.10285077092883269,-0.5142538546441634,"(2, 5)"
149,317.7348059423702,3,2,7,-0.08473136481978252,-0.5931195537384777,"(2, 7)"
149,317.7348059423702,4,2,23,-0.043433705302432096,-0.9989752219559382,"(2, 23)"
149,317.7348059423702,5,2,13,-0.04312283682242989,-0.5605968786915886,"(2, 13)"
150,318.8531042563166,1,2,3,-0.2958940591130077,-0.8876821773390231,"(2, 3)"
150,318.8531042563166,2,2,5,-0.1999964329057321,-0.9999821645286605,"(2, 5)"
150,318.8531042563166,3,2,7,-0.12768274745927782,-0.8937792322149448,"(2, 7)"
150,318.8531042563166,4,2,11,-0.09069469311769696,-0.9976416242946665,"(2, 11)"
150,318.8531042563166,5,2,17,-0.047142246629772996,-0.8014181927061409,"(2, 17)"
151,321.1601343091136,1,2,3,-0.05207466618561153,-0.1562239985568346,"(2, 3)"
151,321.1601343091136,2,3,11,-0.05154341136988977,-0.8504662876031812,"(3, 11)"
151,321.1601343091136,3,2,17,-0.044806220214936375,-0.7617057436539184,"(2, 17)"
151,321.1601343091136,4,2,13,-0.034614648867225775,-0.44999043527393506,"(2, 13)"
151,321.1601343091136,5,3,7,-0.034486629875857315,-0.3621096136965018,"(3, 7)"
152,322.14455867248296,1,3,7,-0.08892448376986506,-0.9337070795835832,"(3, 7)"
152,322.14455867248296,2,2,11,-0.07485593523896449,-0.8234152876286094,"(2, 11)"
152,322.14455867248296,3,2,19,-0.04700778382882546,-0.8931478927476837,"(2, 19)"
152,322.14455867248296,4,3,11,-0.045358754652246085,-0.7484194517620604,"(3, 11)"
152,322.14455867248296,5,5,11,-0.032391687049435264,-0.8907713938594698,"(5, 11)"
153,323.4669695575121,1,2,7,-0.1427539509650654,-0.9992776567554579,"(2, 7)"
153,323.4669695575121,2,3,7,-0.06940418852298168,-0.7287439794913076,"(3, 7)"
153,323.4669695575121,3,3,13,-0.0511604371670078,-0.9976285247566521,"(3, 13)"
153,323.4669695575121,4,2,13,-0.05011725175937631,-0.6515242728718921,"(2, 13)"
153,323.4669695575121,5,3,5,-0.03960672616562621,-0.29705044624219656,"(3, 5)"
154,324.8628660517396,1,2,5,-0.14183502372727524,-0.7091751186363762,"(2, 5)"
154,324.8628660517396,2,3,5,-0.11324028028762369,-0.8493021021571777,"(3, 5)"
154,324.8628660517396,3,5,7,-0.04554550874709024,-0.7970464030740793,"(5, 7)"
154,324.8628660517396,4,2,19,-0.0425283132812198,-0.8080379523431763,"(2, 19)"
154,324.8628660517396,5,2,17,-0.03488073463312174,-0.5929724887630695,"(2, 17)"
155,327.44390126190547,1,3,5,-0.09643102354605292,-0.7232326765953969,"(3, 5)"
155,327.44390126190547,2,2,13,-0.07349560690078824,-0.955442889710247,"(2, 13)"
155,327.44390126190547,3,2,17,-0.057910160821577086,-0.9844727339668105,"(2, 17)"
155,327.44390126190547,4,5,7,-0.055765082775007725,-0.9758889485626352,"(5, 7)"
155,327.44390126190547,5,3,13,-0.04448963787239901,-0.8675479385117808,"(3, 13)"
156,329.03307168048093,1,2,7,-0.11356958757002596,-0.7949871129901818,"(2, 7)"
156,329.03307168048093,2,3,7,-0.0654780594003675,-0.6875196237038587,"(3, 7)"
156,329.03307168048093,3,5,7,-0.041625278863854344,-0.728442380117451,"(5, 7)"
156,329.03307168048093,4,2,31,-0.03167804034535065,-0.98201925070587,"(2, 31)"
156,329.03307168048093,5,7,13,-0.019082221754285436,-0.8682410898199873,"(7, 13)"
157,329.9532397282339,1,3,7,-0.09518601593204838,-0.9994531672865081,"(3, 7)"
157,329.9532397282339,2,2,11,-0.08999317131532306,-0.9899248844685536,"(2, 11)"
157,329.9532397282339,3,2,3,-0.0878942985922291,-0.2636828957766873,"(2, 3)"
157,329.9532397282339,4,2,17,-0.04357459790790515,-0.7407681644343875,"(2, 17)"
157,329.9532397282339,5,2,29,-0.031146361886426752,-0.9032444947063758,"(2, 29)"
158,331.4744675826634,1,2,3,-0.2576849788198254,-0.7730549364594762,"(2, 3)"
158,331.4744675826634,2,2,5,-0.10679439887165237,-0.5339719943582618,"(2, 5)"
158,331.4744675826634,3,3,11,-0.058229983223632625,-0.9607947231899383,"(3, 11)"
158,331.4744675826634,4,3,17,-0.03913412662310215,-0.9979202288891049,"(3, 17)"
158,331.4744675826634,5,3,13,-0.03213538500151421,-0.6266400075295271,"(3, 13)"
159,333.64537852486984,1,2,3,-0.3271395937988152,-0.9814187813964456,"(2, 3)"
159,333.64537852486984,2,2,7,-0.14132160735923963,-0.9892512515146774,"(2, 7)"
159,333.64537852486984,3,2,5,-0.11112519261592231,-0.5556259630796115,"(2, 5)"
159,333.64537852486984,4,2,11,-0.08984639583252266,-0.9883103541577493,"(2, 11)"
159,333.64537852486984,5,2,13,-0.06082555079048401,-0.7907321602762921,"(2, 13)"
160,334.2113548332444,1,2,3,-0.30401416233597545,-0.9120424870079263,"(2, 3)"
160,334.2113548332444,2,2,7,-0.09366073861785246,-0.6556251703249673,"(2, 7)"
160,334.2113548332444,3,2,13,-0.07083275606166498,-0.9208258288016447,"(2, 13)"
160,334.2113548332444,4,2,11,-0.039779305777568566,-0.4375723635532542,"(2, 11)"
160,334.2113548332444,5,3,23,-0.016228839951383918,-0.5598949783227452,"(3, 23)"
161,336.84185042839067,1,3,5,-0.10022778681854176,-0.7517084011390632,"(3, 5)"
161,336.84185042839067,2,3,7,-0.08449538697789011,-0.8872015632678462,"(3, 7)"
161,336.84185042839067,3,2,11,-0.07063388030751552,-0.7769726833826707,"(2, 11)"
161,336.84185042839067,4,2,13,-0.04419159696327552,-0.5744907605225817,"(2, 13)"
161,336.84185042839067,5,3,13,-0.03943183203966715,-0.7689207247735095,"(3, 13)"
162,338.3399928508066,1,2,7,-0.13823060475534635,-0.9676142332874245,"(2, 7)"
162,338.3399928508066,2,3,5,-0.13319750338525,-0.9989812753893749,"(3, 5)"
162,338.3399928508066,3,2,5,-0.10808182797260663,-0.5404091398630331,"(2, 5)"
162,338.3399928508066,4,3,7,-0.06704502645276504,-0.703972777754033,"(3, 7)"
162,338.3399928508066,5,2,23,-0.04323966940161966,-0.9945123962372523,"(2, 23)"
163,339.85821672536355,1,2,5,-0.18488574850824274,-0.9244287425412137,"(2, 5)"
163,339.85821672536355,2,3,5,-0.09089557927200788,-0.6817168445400591,"(3, 5)"
163,339.85821672536355,3,7,11,-0.02459615003829932,-0.9469517764745238,"(7, 11)"
163,339.85821672536355,4,7,13,-0.021865693816504553,-0.994889068650957,"(7, 13)"
163,339.85821672536355,5,5,11,-0.021787866444204003,-0.5991663272156101,"(5, 11)"
164,341.04226111104657,1,2,11,-0.0891595739410813,-0.9807553133518944,"(2, 11)"
164,341.04226111104657,2,2,13,-0.06259092086512097,-0.8136819712465726,"(2, 13)"
164,341.04226111104657,3,3,11,-0.05996265508943201,-0.989383808975628,"(3, 11)"
164,341.04226111104657,4,3,13,-0.04318332944417219,-0.8420749241613578,"(3, 13)"
164,341.04226111104657,5,2,23,-0.03967284301624175,-0.9124753893735603,"(2, 23)"
165,342.0548775103636,1,2,17,-0.05879882802211239,-0.9995800763759107,"(2, 17)"
165,342.0548775103636,2,2,19,-0.048971380577498363,-0.930456230972469,"(2, 19)"
165,342.0548775103636,3,3,17,-0.03560867850357162,-0.9080213018410763,"(3, 17)"
165,342.0548775103636,4,3,19,-0.03495774074912658,-0.9962956113501077,"(3, 19)"
165,342.0548775103636,5,2,29,-0.03022624365016828,-0.8765610658548801,"(2, 29)"
166,344.6617029402523,1,3,7,-0.09434581719356548,-0.9906310805324376,"(3, 7)"
166,344.6617029402523,2,2,11,-0.0905919424519678,-0.9965113669716459,"(2, 11)"
166,344.6617029402523,3,5,7,-0.05507515024909946,-0.9638151293592405,"(5, 7)"
166,344.6617029402523,4,2,19,-0.052590897687672646,-0.9992270560657803,"(2, 19)"
166,344.6617029402523,5,3,13,-0.047109458431218595,-0.9186344394087627,"(3, 13)"
167,346.34787056600993,1,2,5,-0.199703203289355,-0.998516016446775,"(2, 5)"
167,346.34787056600993,2,2,3,-0.1966787389117497,-0.5900362167352491,"(2, 3)"
167,346.34787056600993,3,5,7,-0.0546324605785977,-0.9560680601254598,"(5, 7)"
167,346.34787056600993,4,3,11,-0.044090070809424994,-0.7274861683555124,"(3, 11)"
167,346.34787056600993,5,5,11,-0.035338314199097255,-0.9718036404751745,"(5, 11)"
168,347.2726775844205,1,2,3,-0.2815802702736947,-0.8447408108210842,"(2, 3)"
168,347.2726775844205,2,2,5,-0.12402757408257886,-0.6201378704128943,"(2, 5)"
168,347.2726775844205,3,2,13,-0.07384332514678196,-0.9599632269081655,"(2, 13)"
168,347.2726775844205,4,2,19,-0.04751850834454761,-0.9028516585464046,"(2, 19)"
168,347.2726775844205,5,5,7,-0.0468799914971657,-0.8203998512003998,"(5, 7)"
169,349.31626087069617,1,2,3,-0.32179455053504474,-0.9653836516051343,"(2, 3)"
169,349.31626087069617,2,3,5,-0.10765175500869863,-0.8073881625652397,"(3, 5)"
169,349.31626087069617,3,2,7,-0.08550822153031995,-0.5985575507122397,"(2, 7)"
169,349.31626087069617,4,3,13,-0.05081005720070483,-0.9907961154137443,"(3, 13)"
169,349.31626087069617,5,3,17,-0.03607364159814312,-0.9198778607526495,"(3, 17)"
170,350.4084193491921,1,2,3,-0.25349898738359633,-0.760496962150789,"(2, 3)"
170,350.4084193491921,2,3,5,-0.13297645360020358,-0.9973234020015269,"(3, 5)"
170,350.4084193491921,3,2,13,-0.0589516676048808,-0.7663716788634504,"(2, 13)"
170,350.4084193491921,4,3,11,-0.05870335694998735,-0.9686053896747913,"(3, 11)"
170,350.4084193491921,5,2,19,-0.04976015826710965,-0.9454430070750834,"(2, 19)"
171,351.87864902535927,1,3,5,-0.10385645001262145,-0.7789233750946609,"(3, 5)"
171,351.87864902535927,2,3,7,-0.0908346798802489,-0.9537641387426136,"(3, 7)"
171,351.87864902535927,3,2,11,-0.08944454462398214,-0.9838899908638036,"(2, 11)"
171,351.87864902535927,4,2,3,-0.08825212408294081,-0.2647563722488224,"(2, 3)"
171,351.87864902535927,5,2,5,-0.07970312902285438,-0.3985156451142719,"(2, 5)"
172,353.4889004887188,1,2,5,-0.19018652008231599,-0.9509326004115799,"(2, 5)"
172,353.4889004887188,2,2,7,-0.14171096029875016,-0.9919767220912511,"(2, 7)"
172,353.4889004887188,3,3,13,-0.051260622831301464,-0.9995821452103786,"(3, 13)"
172,353.4889004887188,4,2,17,-0.04738525261195439,-0.8055492944032246,"(2, 17)"
172,353.4889004887188,5,3,7,-0.046635082877452536,-0.48966837021325166,"(3, 7)"
173,356.0175749772649,1,2,11,-0.07539308746508812,-0.8293239621159693,"(2, 11)"
173,356.0175749772649,2,2,19,-0.048612722299377326,-0.9236417236881692,"(2, 19)"
173,356.0175749772649,3,3,11,-0.04420169571895311,-0.7293279793627263,"(3, 11)"
173,356.0175749772649,4,2,29,-0.03413888483650848,-0.990027660258746,"(2, 29)"
173,356.0175749772649,5,2,23,-0.033178366579106285,-0.7631024313194446,"(2, 23)"
174,357.1513022520396,1,2,13,-0.06157771307444184,-0.8005102699677439,"(2, 13)"
174,357.1513022520396,2,2,17,-0.035617645687727816,-0.6054999766913729,"(2, 17)"
174,357.1513022520396,3,3,17,-0.03188776875703875,-0.8131381033044881,"(3, 17)"
174,357.1513022520396,4,3,13,-0.0301717974787533,-0.5883500508356894,"(3, 13)"
174,357.1513022520396,5,5,17,-0.021748133517473643,-0.9242956744926298,"(5, 17)"
175,357.95268510163226,1,2,7,-0.0976812719315153,-0.6837689035206072,"(2, 7)"
175,357.95268510163226,2,2,13,-0.05034006033937212,-0.6544207844118375,"(2, 13)"
175,357.95268510163226,3,3,13,-0.04989254528169636,-0.9729046329930789,"(3, 13)"
175,357.95268510163226,4,5,13,-0.028271436390993752,-0.9188216827072969,"(5, 13)"
175,357.95268510163226,5,2,29,-0.019576347611559807,-0.5677140807352344,"(2, 29)"
176,359.74375495311443,1,2,5,-0.19439241947714597,-0.9719620973857298,"(2, 5)"
176,359.74375495311443,2,3,7,-0.09496587446514937,-0.9971416818840684,"(3, 7)"
176,359.74375495311443,3,2,11,-0.07171074553261689,-0.7888182008587857,"(2, 11)"
176,359.74375495311443,4,2,17,-0.05781720933380628,-0.9828925586747068,"(2, 17)"
176,359.74375495311443,5,3,11,-0.04680515957333865,-0.7722851329600877,"(3, 11)"
177,361.28936169580464,1,2,3,-0.13169846926877407,-0.39509540780632224,"(2, 3)"
177,361.28936169580464,2,3,5,-0.09307550263550131,-0.6980662697662599,"(3, 5)"
177,361.28936169580464,3,2,5,-0.07639479768633492,-0.38197398843167457,"(2, 5)"
177,361.28936169580464,4,2,13,-0.05249018458916561,-0.6823723996591529,"(2, 13)"
177,361.28936169580464,5,2,19,-0.0502068887468649,-0.9539308861904332,"(2, 19)"
178,363.33133057897385,1,2,3,-0.3146191584342185,-0.9438574753026556,"(2, 3)"
178,363.33133057897385,2,2,7,-0.13355311675327694,-0.9348718172729386,"(2, 7)"
178,363.33133057897385,3,3,5,-0.1293520632667676,-0.970140474500757,"(3, 5)"
178,363.33133057897385,4,2,11,-0.0800127011579515,-0.8801397127374665,"(2, 11)"
178,363.33133057897385,5,5,7,-0.055054169531063145,-0.9634479667936051,"(5, 7)"
179,364.736024114089,1,2,3,-0.3243355124631442,-0.9730065373894327,"(2, 3)"
179,364.736024114089,2,3,5,-0.07619160120986279,-0.571437009073971,"(3, 5)"
179,364.736024114089,3,5,7,-0.055987486546331504,-0.9797810145608014,"(5, 7)"
179,364.736024114089,4,3,11,-0.05361155246003181,-0.8845906155905249,"(3, 11)"
179,364.736024114089,5,2,13,-0.04233043097984556,-0.5502956027379923,"(2, 13)"
180,366.2127102883313,1,2,3,-0.2245594518042863,-0.6736783554128589,"(2, 3)"
180,366.2127102883313,2,2,5,-0.16584221487806372,-0.8292110743903185,"(2, 5)"
180,366.2127102883313,3,3,7,-0.07119547408016286,-0.74755247784171,"(3, 7)"
180,366.2127102883313,4,2,11,-0.058166394382453246,-0.6398303382069856,"(2, 11)"
180,366.2127102883313,5,3,13,-0.05003400169957357,-0.9756630331416846,"(3, 13)"
181,367.9935754817403,1,2,5,-0.10147014380478561,-0.507350719023928,"(2, 5)"
181,367.9935754817403,2,2,7,-0.09897509732761117,-0.6928256812932783,"(2, 7)"
181,367.9935754817403,3,3,7,-0.06753863163152395,-0.7091556321310014,"(3, 7)"
181,367.9935754817403,4,2,13,-0.05346108988828116,-0.6949941685476551,"(2, 13)"
181,367.9935754817403,5,3,17,-0.03282960127792877,-0.8371548325871837,"(3, 17)"
182,368.96843809573437,1,2,7,-0.1306804130436411,-0.9147628913054879,"(2, 7)"
182,368.96843809573437,2,2,23,-0.03840068563352635,-0.8832157695711061,"(2, 23)"
182,368.96843809573437,3,2,17,-0.02787482225700727,-0.4738719783691236,"(2, 17)"
182,368.96843809573437,4,3,19,-0.02741919318325836,-0.7814470057228633,"(3, 19)"
182,368.96843809573437,5,7,11,-0.025075249299800706,-0.9653970980423271,"(7, 11)"
183,370.050919212106,1,2,11,-0.07417206759072532,-0.8158927434979786,"(2, 11)"
183,370.050919212106,2,3,11,-0.06003664655254101,-0.9906046681169267,"(3, 11)"
183,370.050919212106,3,2,19,-0.04429505553654644,-0.8416060551943824,"(2, 19)"
183,370.050919212106,4,2,29,-0.034466699979438783,-0.9995342994037247,"(2, 29)"
183,370.050919212106,5,5,11,-0.033510860712322885,-0.9215486695888794,"(5, 11)"
184,373.06192837211285,1,2,5,-0.16502059838664265,-0.8251029919332132,"(2, 5)"
184,373.06192837211285,2,2,7,-0.10557864104096708,-0.7390504872867696,"(2, 7)"
184,373.06192837211285,3,3,5,-0.06430180173022565,-0.48226351297669234,"(3, 5)"
184,373.06192837211285,4,3,7,-0.033951753752125016,-0.3564934143973127,"(3, 7)"
184,373.06192837211285,5,3,19,-0.02898144499460993,-0.8259711823463831,"(3, 19)"
185,373.86487391090856,1,2,5,-0.19817165050109803,-0.9908582525054901,"(2, 5)"
185,373.86487391090856,2,2,7,-0.13780414648634717,-0.9646290254044302,"(2, 7)"
185,373.86487391090856,3,3,5,-0.10554494069085714,-0.7915870551814286,"(3, 5)"
185,373.86487391090856,4,2,11,-0.083807747026181,-0.921885217287991,"(2, 11)"
185,373.86487391090856,5,3,7,-0.08236640584219028,-0.864847261342998,"(3, 7)"
186,375.82591276673935,1,3,5,-0.1255058106941063,-0.9412935802057972,"(3, 5)"
186,375.82591276673935,2,3,7,-0.040148364697299925,-0.42155782932164926,"(3, 7)"
186,375.82591276673935,3,3,19,-0.029301872189013756,-0.8351033573868921,"(3, 19)"
186,375.82591276673935,4,2,19,-0.02819867055288098,-0.5357747405047386,"(2, 19)"
186,375.82591276673935,5,2,37,-0.026690323622518195,-0.9875419740331731,"(2, 37)"
187,376.32409223066804,1,3,5,-0.11013221017565385,-0.8259915763174038,"(3, 5)"
187,376.32409223066804,2,2,3,-0.07243252719171836,-0.2172975815751551,"(2, 3)"
187,376.32409223066804,3,3,19,-0.03311316943924248,-0.9437253290184108,"(3, 19)"
187,376.32409223066804,4,3,37,-0.017732514119612033,-0.9841545336384678,"(3, 37)"
187,376.32409223066804,5,3,43,-0.015274816793330792,-0.985225683169836,"(3, 43)"
188,378.4366802499655,1,2,3,-0.2932958924731078,-0.8798876774193234,"(2, 3)"
188,378.4366802499655,2,2,7,-0.13693147117506604,-0.9585202982254624,"(2, 7)"
188,378.4366802499655,3,2,19,-0.043445092593183264,-0.825456759270482,"(2, 19)"
188,378.4366802499655,4,2,11,-0.04020257500835719,-0.44222832509192905,"(2, 11)"
188,378.4366802499655,5,3,17,-0.038738259575017246,-0.9878256191629398,"(3, 17)"
189,379.87297534653237,1,2,3,-0.33206691686436035,-0.9962007505930811,"(2, 3)"
189,379.87297534653237,2,2,5,-0.16009632756197134,-0.8004816378098566,"(2, 5)"
189,379.87297534653237,3,3,11,-0.05728768359706179,-0.9452467793515195,"(3, 11)"
189,379.87297534653237,4,2,17,-0.04425502497178845,-0.7523354245204037,"(2, 17)"
189,379.87297534653237,5,5,7,-0.03142107548816213,-0.5498688210428373,"(5, 7)"
190,381.4844686171865,1,2,3,-0.246020995676298,-0.7380629870288941,"(2, 3)"
190,381.4844686171865,2,2,5,-0.13439877758666507,-0.6719938879333254,"(2, 5)"
190,381.4844686171865,3,2,11,-0.0908801334457397,-0.9996814679031366,"(2, 11)"
190,381.4844686171865,4,3,7,-0.08936341306475248,-0.9383158371799011,"(3, 7)"
190,381.4844686171865,5,5,7,-0.05154409388764134,-0.9020216430337236,"(5, 7)"
191,383.44352944953647,1,2,7,-0.13648416241841227,-0.9553891369288859,"(2, 7)"
191,383.44352944953647,2,5,7,-0.05585386990904436,-0.9774427234082763,"(5, 7)"
191,383.44352944953647,3,3,13,-0.05108530643359492,-0.996163475455101,"(3, 13)"
191,383.44352944953647,4,2,17,-0.04722280744246535,-0.8027877265219109,"(2, 17)"
191,383.44352944953647,5,2,19,-0.040433764222447474,-0.768241520226502,"(2, 19)"
192,384.95611681486366,1,2,11,-0.0857153068107065,-0.9428683749177715,"(2, 11)"
192,384.95611681486366,2,3,11,-0.048111453709160784,-0.7938389862011529,"(3, 11)"
192,384.95611681486366,3,5,7,-0.04289444289910396,-0.7506527507343194,"(5, 7)"
192,384.95611681486366,4,3,5,-0.03888108893935297,-0.2916081670451473,"(3, 5)"
192,384.95611681486366,5,2,13,-0.032333604302241616,-0.42033685592914094,"(2, 13)"
193,385.86130084597426,1,3,5,-0.09169165181306234,-0.6876873885979675,"(3, 5)"
193,385.86130084597426,2,2,17,-0.05244108616075582,-0.891498464732849,"(2, 17)"
193,385.86130084597426,3,3,17,-0.03873835214637831,-0.9878279797326469,"(3, 17)"
193,385.86130084597426,4,2,11,-0.03264893725278073,-0.359138309780588,"(2, 11)"
193,385.86130084597426,5,5,11,-0.03192420764964473,-0.8779157103652302,"(5, 11)"
194,387.222890222388,1,2,5,-0.19635445298816848,-0.9817722649408424,"(2, 5)"
194,387.222890222388,2,3,5,-0.13242235371715458,-0.9931676528786593,"(3, 5)"
194,387.222890222388,3,2,13,-0.04761981891131125,-0.6190576458470463,"(2, 13)"
194,387.222890222388,4,2,23,-0.04319954937270689,-0.9935896355722585,"(2, 23)"
194,387.222890222388,5,3,13,-0.0346471229252637,-0.6756188970426422,"(3, 13)"
195,388.84612835423223,1,2,7,-0.1404150282519427,-0.9829051977635989,"(2, 7)"
195,388.84612835423223,2,3,5,-0.10092095040941572,-0.7569071280706179,"(3, 5)"
195,388.84612835423223,3,2,11,-0.09090569338336466,-0.9999626272170112,"(2, 11)"
195,388.84612835423223,4,3,7,-0.08776690118764392,-0.9215524624702612,"(3, 7)"
195,388.84612835423223,5,2,17,-0.05493561492105549,-0.9339054536579433,"(2, 17)"
196,391.45608356363806,1,2,13,-0.05694712314565945,-0.7403126008935729,"(2, 13)"
196,391.45608356363806,2,3,13,-0.03168064089609576,-0.6177724974738674,"(3, 13)"
196,391.45608356363806,3,5,13,-0.03020827259207023,-0.9817688592422824,"(5, 13)"
196,391.45608356363806,4,2,17,-0.028586678853508296,-0.48597354050964103,"(2, 17)"
196,391.45608356363806,5,2,29,-0.0272114113165115,-0.7891309281788335,"(2, 29)"
197,392.2450833395191,1,2,3,-0.1271197170646817,-0.3813591511940451,"(2, 3)"
197,392.2450833395191,2,2,11,-0.08062844089457795,-0.8869128498403573,"(2, 11)"
197,392.2450833395191,3,2,19,-0.05071630244775624,-0.9636097465073686,"(2, 19)"
197,392.2450833395191,4,3,13,-0.049661701111225864,-0.9684031716689043,"(3, 13)"
197,392.2450833395191,5,2,17,-0.047697098910911596,-0.8108506814854971,"(2, 17)"
198,393.427743844434,1,2,3,-0.2549468283240476,-0.7648404849721427,"(2, 3)"
198,393.427743844434,2,2,5,-0.14091676656888769,-0.7045838328444384,"(2, 5)"
198,393.427743844434,3,2,7,-0.1337829841477851,-0.9364808890344958,"(2, 7)"
198,393.427743844434,4,3,11,-0.03740548023942278,-0.6171904239504759,"(3, 11)"
198,393.427743844434,5,2,29,-0.03240079601825449,-0.9396230845293801,"(2, 29)"
199,395.5828700109937,1,2,3,-0.32831009801410044,-0.9849302940423014,"(2, 3)"
199,395.5828700109937,2,2,5,-0.07511813145739318,-0.3755906572869659,"(2, 5)"
199,395.5828700109937,3,3,7,-0.05353168368369122,-0.5620826786787578,"(3, 7)"
199,395.5828700109937,4,2,11,-0.04338605347969692,-0.4772465882766661,"(2, 11)"
199,395.5828700109937,5,2,31,-0.029958150996104042,-0.9287026808792254,"(2, 31)"
200,396.3818542225922,1,2,3,-0.29288061284472183,-0.8786418385341656,"(2, 3)"
200,396.3818542225922,2,3,7,-0.09107076661592879,-0.9562430494672524,"(3, 7)"
200,396.3818542225922,3,2,11,-0.08714448966271347,-0.9585893862898482,"(2, 11)"
200,396.3818542225922,4,3,13,-0.05125106393816343,-0.9993957467941869,"(3, 13)"
200,396.3818542225922,5,3,17,-0.035406476014983465,-0.9028651383820784,"(3, 17)"
