Formula,Metal,Orbit,c/a,r_Y/r_X,t_factor,Phi_2D,J_est (meV),Theta_RT
Cs2TaO2I2,Ta4+,5d,6.68,1.571,1.044,10.492,630.1,50.85
RbCsTaO2I2,Ta4+,5d,6.57,1.571,1.018,10.332,630.1,50.07
KCsTaO2I2,Ta4+,5d,6.48,1.571,0.994,10.182,630.1,49.35
Rb2TaO2I2,Ta4+,5d,6.47,1.571,0.993,10.171,630.1,49.3
LaCsAuO2I2,Au2+,5d,5.56,1.571,0.804,8.742,729.5,49.06
BiCsAuO2I2,Au2+,5d,5.56,1.571,0.804,8.742,729.5,49.06
Ba2AuO2I2,Au2+,5d,5.56,1.571,0.804,8.742,729.5,49.06
KRbTaO2I2,Ta4+,5d,6.38,1.571,0.969,10.022,630.1,48.57
YCsAuO2I2,Au2+,5d,5.49,1.571,0.785,8.623,729.5,48.39
LaRbAuO2I2,Au2+,5d,5.48,1.571,0.782,8.605,729.5,48.29
BiRbAuO2I2,Au2+,5d,5.48,1.571,0.782,8.605,729.5,48.29
SrBaAuO2I2,Au2+,5d,5.46,1.571,0.779,8.586,729.5,48.18
K2TaO2I2,Ta4+,5d,6.28,1.571,0.945,9.872,630.1,47.85
YRbAuO2I2,Au2+,5d,5.4,1.571,0.763,8.485,729.5,47.62
LaKAuO2I2,Au2+,5d,5.39,1.571,0.761,8.476,729.5,47.57
BiKAuO2I2,Au2+,5d,5.39,1.571,0.761,8.476,729.5,47.57
NaCsTaO2I2,Ta4+,5d,6.23,1.571,0.933,9.798,630.1,47.49
Sr2AuO2I2,Au2+,5d,5.36,1.571,0.754,8.43,729.5,47.31
CaBaAuO2I2,Au2+,5d,5.36,1.571,0.752,8.421,729.5,47.26
YKAuO2I2,Au2+,5d,5.32,1.571,0.742,8.357,729.5,46.9
NaRbTaO2I2,Ta4+,5d,6.13,1.571,0.908,9.637,630.1,46.71
CaSrAuO2I2,Au2+,5d,5.26,1.571,0.728,8.265,729.5,46.38
LiCsTaO2I2,Ta4+,5d,6.06,1.571,0.889,9.52,630.1,46.14
NaKTaO2I2,Ta4+,5d,6.04,1.571,0.884,9.488,630.1,45.98
MgBaAuO2I2,Au2+,5d,5.2,1.571,0.711,8.164,729.5,45.81
BiNaAuO2I2,Au2+,5d,5.18,1.571,0.709,8.146,729.5,45.71
LaNaAuO2I2,Au2+,5d,5.18,1.571,0.709,8.146,729.5,45.71
Ca2AuO2I2,Au2+,5d,5.15,1.571,0.701,8.1,729.5,45.45
LiRbTaO2I2,Ta4+,5d,5.96,1.571,0.863,9.359,630.1,45.36
YNaAuO2I2,Au2+,5d,5.11,1.571,0.69,8.026,729.5,45.04
MgSrAuO2I2,Au2+,5d,5.1,1.571,0.687,8.008,729.5,44.94
LiKTaO2I2,Ta4+,5d,5.86,1.571,0.84,9.21,630.1,44.64
LaLiAuO2I2,Au2+,5d,5.03,1.571,0.671,7.907,729.5,44.37
BiLiAuO2I2,Au2+,5d,5.03,1.571,0.671,7.907,729.5,44.37
Na2TaO2I2,Ta4+,5d,5.79,1.571,0.823,9.103,630.1,44.12
MgCaAuO2I2,Au2+,5d,4.99,1.571,0.66,7.842,729.5,44.01
YLiAuO2I2,Au2+,5d,4.96,1.571,0.652,7.787,729.5,43.7
Cs2TaO2Br2,Ta4+,5d,6.35,1.4,1.044,8.891,630.1,43.09
LiNaTaO2I2,Ta4+,5d,5.62,1.571,0.778,8.825,630.1,42.77
Mg2AuO2I2,Au2+,5d,4.83,1.571,0.619,7.585,729.5,42.57
RbCsTaO2Br2,Ta4+,5d,6.25,1.4,1.018,8.748,630.1,42.4
KCsTaO2Br2,Ta4+,5d,6.15,1.4,0.994,8.614,630.1,41.75
Rb2TaO2Br2,Ta4+,5d,6.15,1.4,0.993,8.605,630.1,41.71
Ba2AuO2Br2,Au2+,5d,5.28,1.4,0.804,7.396,729.5,41.5
BiCsAuO2Br2,Au2+,5d,5.28,1.4,0.804,7.396,729.5,41.5
LaCsAuO2Br2,Au2+,5d,5.28,1.4,0.804,7.396,729.5,41.5
Li2TaO2I2,Ta4+,5d,5.44,1.571,0.734,8.547,630.1,41.43
KRbTaO2Br2,Ta4+,5d,6.05,1.4,0.969,8.472,630.1,41.06
YCsAuO2Br2,Au2+,5d,5.21,1.4,0.785,7.29,729.5,40.91
BiRbAuO2Br2,Au2+,5d,5.2,1.4,0.782,7.273,729.5,40.82
LaRbAuO2Br2,Au2+,5d,5.2,1.4,0.782,7.273,729.5,40.82
SrBaAuO2Br2,Au2+,5d,5.18,1.4,0.779,7.257,729.5,40.72
K2TaO2Br2,Ta4+,5d,5.96,1.4,0.945,8.338,630.1,40.41
YRbAuO2Br2,Au2+,5d,5.12,1.4,0.763,7.167,729.5,40.22
LaKAuO2Br2,Au2+,5d,5.11,1.4,0.761,7.159,729.5,40.17
BiKAuO2Br2,Au2+,5d,5.11,1.4,0.761,7.159,729.5,40.17
NaCsTaO2Br2,Ta4+,5d,5.91,1.4,0.933,8.272,630.1,40.09
Sr2AuO2Br2,Au2+,5d,5.08,1.4,0.754,7.118,729.5,39.94
CaBaAuO2Br2,Au2+,5d,5.08,1.4,0.752,7.11,729.5,39.9
YKAuO2Br2,Au2+,5d,5.04,1.4,0.742,7.052,729.5,39.58
NaRbTaO2Br2,Ta4+,5d,5.81,1.4,0.908,8.129,630.1,39.4
CaSrAuO2Br2,Au2+,5d,4.98,1.4,0.728,6.971,729.5,39.12
LiCsTaO2Br2,Ta4+,5d,5.73,1.4,0.889,8.024,630.1,38.89
NaKTaO2Br2,Ta4+,5d,5.71,1.4,0.884,7.996,630.1,38.75
MgBaAuO2Br2,Au2+,5d,4.91,1.4,0.711,6.881,729.5,38.61
BiNaAuO2Br2,Au2+,5d,4.9,1.4,0.709,6.864,729.5,38.52
LaNaAuO2Br2,Au2+,5d,4.9,1.4,0.709,6.864,729.5,38.52
Cs2TaO2Cl2,Ta4+,5d,6.15,1.293,1.044,7.946,630.1,38.51
Ca2AuO2Br2,Au2+,5d,4.87,1.4,0.701,6.823,729.5,38.29
LiRbTaO2Br2,Ta4+,5d,5.63,1.4,0.863,7.882,630.1,38.2
YNaAuO2Br2,Au2+,5d,4.83,1.4,0.69,6.758,729.5,37.92
RbCsTaO2Cl2,Ta4+,5d,6.04,1.293,1.018,7.815,630.1,37.87
MgSrAuO2Br2,Au2+,5d,4.82,1.4,0.687,6.741,729.5,37.83
LiKTaO2Br2,Ta4+,5d,5.53,1.4,0.84,7.748,630.1,37.55
BiLiAuO2Br2,Au2+,5d,4.75,1.4,0.671,6.651,729.5,37.33
LaLiAuO2Br2,Au2+,5d,4.75,1.4,0.671,6.651,729.5,37.33
KCsTaO2Cl2,Ta4+,5d,5.95,1.293,0.994,7.691,630.1,37.28
Rb2TaO2Cl2,Ta4+,5d,5.94,1.293,0.993,7.683,630.1,37.24
Na2TaO2Br2,Ta4+,5d,5.47,1.4,0.823,7.653,630.1,37.09
BiCsAuO2Cl2,Au2+,5d,5.11,1.293,0.804,6.603,729.5,37.06
Ba2AuO2Cl2,Au2+,5d,5.11,1.293,0.804,6.603,729.5,37.06
LaCsAuO2Cl2,Au2+,5d,5.11,1.293,0.804,6.603,729.5,37.06
MgCaAuO2Br2,Au2+,5d,4.71,1.4,0.66,6.594,729.5,37.01
YLiAuO2Br2,Au2+,5d,4.68,1.4,0.652,6.545,729.5,36.73
KRbTaO2Cl2,Ta4+,5d,5.85,1.293,0.969,7.56,630.1,36.64
YCsAuO2Cl2,Au2+,5d,5.03,1.293,0.785,6.505,729.5,36.51
LaRbAuO2Cl2,Au2+,5d,5.02,1.293,0.782,6.49,729.5,36.42
BiRbAuO2Cl2,Au2+,5d,5.02,1.293,0.782,6.49,729.5,36.42
SrBaAuO2Cl2,Au2+,5d,5.01,1.293,0.779,6.475,729.5,36.34
K2TaO2Cl2,Ta4+,5d,5.75,1.293,0.945,7.437,630.1,36.04
LiNaTaO2Br2,Ta4+,5d,5.29,1.4,0.778,7.406,630.1,35.89
YRbAuO2Cl2,Au2+,5d,4.94,1.293,0.763,6.392,729.5,35.87
BiKAuO2Cl2,Au2+,5d,4.94,1.293,0.761,6.384,729.5,35.83
LaKAuO2Cl2,Au2+,5d,4.94,1.293,0.761,6.384,729.5,35.83
NaCsTaO2Cl2,Ta4+,5d,5.7,1.293,0.933,7.375,630.1,35.74
Mg2AuO2Br2,Au2+,5d,4.55,1.4,0.619,6.365,729.5,35.72
Sr2AuO2Cl2,Au2+,5d,4.91,1.293,0.754,6.346,729.5,35.61
CaBaAuO2Cl2,Au2+,5d,4.9,1.293,0.752,6.339,729.5,35.57
YKAuO2Cl2,Au2+,5d,4.86,1.293,0.742,6.286,729.5,35.28
NaRbTaO2Cl2,Ta4+,5d,5.6,1.293,0.908,7.243,630.1,35.11
CaSrAuO2Cl2,Au2+,5d,4.8,1.293,0.728,6.21,729.5,34.85
Li2TaO2Br2,Ta4+,5d,5.11,1.4,0.734,7.158,630.1,34.69
LiCsTaO2Cl2,Ta4+,5d,5.53,1.293,0.889,7.146,630.1,34.64
NaKTaO2Cl2,Ta4+,5d,5.51,1.293,0.884,7.12,630.1,34.51
MgBaAuO2Cl2,Au2+,5d,4.74,1.293,0.711,6.127,729.5,34.39
LaNaAuO2Cl2,Au2+,5d,4.73,1.293,0.709,6.112,729.5,34.3
BiNaAuO2Cl2,Au2+,5d,4.73,1.293,0.709,6.112,729.5,34.3
Ca2AuO2Cl2,Au2+,5d,4.7,1.293,0.701,6.074,729.5,34.09
LiRbTaO2Cl2,Ta4+,5d,5.43,1.293,0.863,7.015,630.1,34.0
YNaAuO2Cl2,Au2+,5d,4.65,1.293,0.69,6.014,729.5,33.75
MgSrAuO2Cl2,Au2+,5d,4.64,1.293,0.687,5.999,729.5,33.66
LiKTaO2Cl2,Ta4+,5d,5.33,1.293,0.84,6.892,630.1,33.4
LaLiAuO2Cl2,Au2+,5d,4.58,1.293,0.671,5.916,729.5,33.2
BiLiAuO2Cl2,Au2+,5d,4.58,1.293,0.671,5.916,729.5,33.2
Na2TaO2Cl2,Ta4+,5d,5.26,1.293,0.823,6.804,630.1,32.97
MgCaAuO2Cl2,Au2+,5d,4.53,1.293,0.66,5.863,729.5,32.9
YLiAuO2Cl2,Au2+,5d,4.5,1.293,0.652,5.818,729.5,32.65
LiNaTaO2Cl2,Ta4+,5d,5.09,1.293,0.778,6.575,630.1,31.87
Mg2AuO2Cl2,Au2+,5d,4.37,1.293,0.619,5.651,729.5,31.71
Li2TaO2Cl2,Ta4+,5d,4.91,1.293,0.734,6.347,630.1,30.76
Cs2NbO2I2,Nb4+,4d,6.68,1.571,1.044,10.492,328.1,26.48
RbCsNbO2I2,Nb4+,4d,6.57,1.571,1.018,10.332,328.1,26.07
KCsNbO2I2,Nb4+,4d,6.48,1.571,0.994,10.182,328.1,25.69
Rb2NbO2I2,Nb4+,4d,6.47,1.571,0.993,10.171,328.1,25.67
KRbNbO2I2,Nb4+,4d,6.38,1.571,0.969,10.022,328.1,25.29
K2NbO2I2,Nb4+,4d,6.28,1.571,0.945,9.872,328.1,24.91
NaCsNbO2I2,Nb4+,4d,6.23,1.571,0.933,9.798,328.1,24.72
NaRbNbO2I2,Nb4+,4d,6.13,1.571,0.908,9.637,328.1,24.32
LiCsNbO2I2,Nb4+,4d,6.06,1.571,0.889,9.52,328.1,24.02
NaKNbO2I2,Nb4+,4d,6.04,1.571,0.884,9.488,328.1,23.94
LiRbNbO2I2,Nb4+,4d,5.96,1.571,0.863,9.359,328.1,23.62
LaCsAgO2I2,Ag2+,4d,5.71,1.571,0.831,8.965,341.2,23.53
Ba2AgO2I2,Ag2+,4d,5.71,1.571,0.831,8.965,341.2,23.53
BiCsAgO2I2,Ag2+,4d,5.71,1.571,0.831,8.965,341.2,23.53
LiKNbO2I2,Nb4+,4d,5.86,1.571,0.84,9.21,328.1,23.24
YCsAgO2I2,Ag2+,4d,5.63,1.571,0.811,8.842,341.2,23.21
BiRbAgO2I2,Ag2+,4d,5.61,1.571,0.808,8.823,341.2,23.16
LaRbAgO2I2,Ag2+,4d,5.61,1.571,0.808,8.823,341.2,23.16
SrBaAgO2I2,Ag2+,4d,5.6,1.571,0.805,8.804,341.2,23.11
Na2NbO2I2,Nb4+,4d,5.79,1.571,0.823,9.103,328.1,22.97
YRbAgO2I2,Ag2+,4d,5.54,1.571,0.789,8.699,341.2,22.83
BiKAgO2I2,Ag2+,4d,5.53,1.571,0.787,8.69,341.2,22.81
LaKAgO2I2,Ag2+,4d,5.53,1.571,0.787,8.69,341.2,22.81
Sr2AgO2I2,Ag2+,4d,5.5,1.571,0.78,8.642,341.2,22.68
CaBaAgO2I2,Ag2+,4d,5.49,1.571,0.778,8.633,341.2,22.66
YKAgO2I2,Ag2+,4d,5.45,1.571,0.768,8.566,341.2,22.48
Cs2NbO2Br2,Nb4+,4d,6.35,1.4,1.044,8.891,328.1,22.43
LiNaNbO2I2,Nb4+,4d,5.62,1.571,0.778,8.825,328.1,22.27
CaSrAgO2I2,Ag2+,4d,5.39,1.571,0.752,8.471,341.2,22.23
RbCsNbO2Br2,Nb4+,4d,6.25,1.4,1.018,8.748,328.1,22.07
MgBaAgO2I2,Ag2+,4d,5.32,1.571,0.736,8.367,341.2,21.96
BiNaAgO2I2,Ag2+,4d,5.31,1.571,0.733,8.348,341.2,21.91
LaNaAgO2I2,Ag2+,4d,5.31,1.571,0.733,8.348,341.2,21.91
Ca2AgO2I2,Ag2+,4d,5.28,1.571,0.725,8.301,341.2,21.79
KCsNbO2Br2,Nb4+,4d,6.15,1.4,0.994,8.614,328.1,21.74
Rb2NbO2Br2,Nb4+,4d,6.15,1.4,0.993,8.605,328.1,21.71
YNaAgO2I2,Ag2+,4d,5.23,1.571,0.713,8.225,341.2,21.59
Li2NbO2I2,Nb4+,4d,5.44,1.571,0.734,8.547,328.1,21.57
MgSrAgO2I2,Ag2+,4d,5.22,1.571,0.71,8.206,341.2,21.54
KRbNbO2Br2,Nb4+,4d,6.05,1.4,0.969,8.472,328.1,21.38
LaLiAgO2I2,Ag2+,4d,5.16,1.571,0.694,8.101,341.2,21.26
BiLiAgO2I2,Ag2+,4d,5.16,1.571,0.694,8.101,341.2,21.26
MgCaAgO2I2,Ag2+,4d,5.11,1.571,0.683,8.035,341.2,21.09
K2NbO2Br2,Nb4+,4d,5.96,1.4,0.945,8.338,328.1,21.04
YLiAgO2I2,Ag2+,4d,5.08,1.571,0.674,7.978,341.2,20.94
BiBaPdO2I2,Pd1+,4d,5.44,1.571,0.769,8.553,317.5,20.89
LaBaPdO2I2,Pd1+,4d,5.44,1.571,0.769,8.553,317.5,20.89
NaCsNbO2Br2,Nb4+,4d,5.91,1.4,0.933,8.272,328.1,20.87
YBaPdO2I2,Pd1+,4d,5.37,1.571,0.75,8.432,317.5,20.59
NaRbNbO2Br2,Nb4+,4d,5.81,1.4,0.908,8.129,328.1,20.51
BiSrPdO2I2,Pd1+,4d,5.34,1.571,0.744,8.394,317.5,20.5
LaSrPdO2I2,Pd1+,4d,5.34,1.571,0.744,8.394,317.5,20.5
Mg2AgO2I2,Ag2+,4d,4.94,1.571,0.641,7.769,341.2,20.39
LiCsNbO2Br2,Nb4+,4d,5.73,1.4,0.889,8.024,328.1,20.25
YSrPdO2I2,Pd1+,4d,5.26,1.571,0.725,8.273,317.5,20.21
NaKNbO2Br2,Nb4+,4d,5.71,1.4,0.884,7.996,328.1,20.18
BiCaPdO2I2,Pd1+,4d,5.23,1.571,0.718,8.226,317.5,20.09
LaCaPdO2I2,Pd1+,4d,5.23,1.571,0.718,8.226,317.5,20.09
Cs2NbO2Cl2,Nb4+,4d,6.15,1.293,1.044,7.946,328.1,20.05
Ba2AgO2Br2,Ag2+,4d,5.42,1.4,0.831,7.581,341.2,19.9
BiCsAgO2Br2,Ag2+,4d,5.42,1.4,0.831,7.581,341.2,19.9
LaCsAgO2Br2,Ag2+,4d,5.42,1.4,0.831,7.581,341.2,19.9
LiRbNbO2Br2,Nb4+,4d,5.63,1.4,0.863,7.882,328.1,19.89
YCaPdO2I2,Pd1+,4d,5.16,1.571,0.698,8.105,317.5,19.8
RbCsNbO2Cl2,Nb4+,4d,6.04,1.293,1.018,7.815,328.1,19.72
YCsAgO2Br2,Ag2+,4d,5.34,1.4,0.811,7.471,341.2,19.61
LaRbAgO2Br2,Ag2+,4d,5.32,1.4,0.808,7.454,341.2,19.56
BiRbAgO2Br2,Ag2+,4d,5.32,1.4,0.808,7.454,341.2,19.56
LiKNbO2Br2,Nb4+,4d,5.53,1.4,0.84,7.748,328.1,19.55
SrBaAgO2Br2,Ag2+,4d,5.31,1.4,0.805,7.437,341.2,19.52
BiMgPdO2I2,Pd1+,4d,5.07,1.571,0.676,7.965,317.5,19.45
LaMgPdO2I2,Pd1+,4d,5.07,1.571,0.676,7.965,317.5,19.45
KCsNbO2Cl2,Nb4+,4d,5.95,1.293,0.994,7.691,328.1,19.41
Rb2NbO2Cl2,Nb4+,4d,5.94,1.293,0.993,7.683,328.1,19.39
Na2NbO2Br2,Nb4+,4d,5.47,1.4,0.823,7.653,328.1,19.31
YRbAgO2Br2,Ag2+,4d,5.25,1.4,0.789,7.344,341.2,19.28
BiKAgO2Br2,Ag2+,4d,5.24,1.4,0.787,7.336,341.2,19.25
LaKAgO2Br2,Ag2+,4d,5.24,1.4,0.787,7.336,341.2,19.25
YMgPdO2I2,Pd1+,4d,4.99,1.571,0.657,7.844,317.5,19.16
Sr2AgO2Br2,Ag2+,4d,5.21,1.4,0.78,7.293,341.2,19.14
CaBaAgO2Br2,Ag2+,4d,5.2,1.4,0.778,7.285,341.2,19.12
KRbNbO2Cl2,Nb4+,4d,5.85,1.293,0.969,7.56,328.1,19.08
YKAgO2Br2,Ag2+,4d,5.16,1.4,0.768,7.226,341.2,18.96
K2NbO2Cl2,Nb4+,4d,5.75,1.293,0.945,7.437,328.1,18.77
CaSrAgO2Br2,Ag2+,4d,5.1,1.4,0.752,7.141,341.2,18.74
LiNaNbO2Br2,Nb4+,4d,5.29,1.4,0.778,7.406,328.1,18.69
NaCsNbO2Cl2,Nb4+,4d,5.7,1.293,0.933,7.375,328.1,18.61
MgBaAgO2Br2,Ag2+,4d,5.03,1.4,0.736,7.048,341.2,18.5
LaNaAgO2Br2,Ag2+,4d,5.02,1.4,0.733,7.031,341.2,18.45
BiNaAgO2Br2,Ag2+,4d,5.02,1.4,0.733,7.031,341.2,18.45
Ca2AgO2Br2,Ag2+,4d,4.99,1.4,0.725,6.989,341.2,18.34
NaRbNbO2Cl2,Nb4+,4d,5.6,1.293,0.908,7.243,328.1,18.28
YNaAgO2Br2,Ag2+,4d,4.94,1.4,0.713,6.921,341.2,18.17
MgSrAgO2Br2,Ag2+,4d,4.93,1.4,0.71,6.904,341.2,18.12
Li2NbO2Br2,Nb4+,4d,5.11,1.4,0.734,7.158,328.1,18.06
LiCsNbO2Cl2,Nb4+,4d,5.53,1.293,0.889,7.146,328.1,18.03
NaKNbO2Cl2,Nb4+,4d,5.51,1.293,0.884,7.12,328.1,17.97
LaLiAgO2Br2,Ag2+,4d,4.87,1.4,0.694,6.811,341.2,17.88
BiLiAgO2Br2,Ag2+,4d,4.87,1.4,0.694,6.811,341.2,17.88
BiCsAgO2Cl2,Ag2+,4d,5.23,1.293,0.831,6.767,341.2,17.76
Ba2AgO2Cl2,Ag2+,4d,5.23,1.293,0.831,6.767,341.2,17.76
LaCsAgO2Cl2,Ag2+,4d,5.23,1.293,0.831,6.767,341.2,17.76
MgCaAgO2Br2,Ag2+,4d,4.82,1.4,0.683,6.752,341.2,17.72
LiRbNbO2Cl2,Nb4+,4d,5.43,1.293,0.863,7.015,328.1,17.7
LaBaPdO2Br2,Pd1+,4d,5.16,1.4,0.769,7.221,317.5,17.64
BiBaPdO2Br2,Pd1+,4d,5.16,1.4,0.769,7.221,317.5,17.64
YLiAgO2Br2,Ag2+,4d,4.79,1.4,0.674,6.701,341.2,17.59
YCsAgO2Cl2,Ag2+,4d,5.16,1.293,0.811,6.665,341.2,17.49
LaRbAgO2Cl2,Ag2+,4d,5.14,1.293,0.808,6.649,341.2,17.45
BiRbAgO2Cl2,Ag2+,4d,5.14,1.293,0.808,6.649,341.2,17.45
SrBaAgO2Cl2,Ag2+,4d,5.13,1.293,0.805,6.634,341.2,17.41
LiKNbO2Cl2,Nb4+,4d,5.33,1.293,0.84,6.892,328.1,17.39
YBaPdO2Br2,Pd1+,4d,5.08,1.4,0.75,7.113,317.5,17.37
BiSrPdO2Br2,Pd1+,4d,5.06,1.4,0.744,7.079,317.5,17.29
LaSrPdO2Br2,Pd1+,4d,5.06,1.4,0.744,7.079,317.5,17.29
YRbAgO2Cl2,Ag2+,4d,5.06,1.293,0.789,6.548,341.2,17.19
Na2NbO2Cl2,Nb4+,4d,5.26,1.293,0.823,6.804,328.1,17.17
LaKAgO2Cl2,Ag2+,4d,5.06,1.293,0.787,6.54,341.2,17.16
BiKAgO2Cl2,Ag2+,4d,5.06,1.293,0.787,6.54,341.2,17.16
Mg2AgO2Br2,Ag2+,4d,4.65,1.4,0.641,6.515,341.2,17.1
Sr2AgO2Cl2,Ag2+,4d,5.03,1.293,0.78,6.501,341.2,17.06
CaBaAgO2Cl2,Ag2+,4d,5.02,1.293,0.778,6.493,341.2,17.04
YSrPdO2Br2,Pd1+,4d,4.98,1.4,0.725,6.971,317.5,17.03
LaCaPdO2Br2,Pd1+,4d,4.95,1.4,0.718,6.93,317.5,16.93
BiCaPdO2Br2,Pd1+,4d,4.95,1.4,0.718,6.93,317.5,16.93
YKAgO2Cl2,Ag2+,4d,4.98,1.293,0.768,6.438,341.2,16.9
CaSrAgO2Cl2,Ag2+,4d,4.92,1.293,0.752,6.36,341.2,16.69
YCaPdO2Br2,Pd1+,4d,4.87,1.4,0.698,6.822,317.5,16.66
LiNaNbO2Cl2,Nb4+,4d,5.09,1.293,0.778,6.575,328.1,16.59
MgBaAgO2Cl2,Ag2+,4d,4.85,1.293,0.736,6.274,341.2,16.47
BiNaAgO2Cl2,Ag2+,4d,4.84,1.293,0.733,6.259,341.2,16.43
LaNaAgO2Cl2,Ag2+,4d,4.84,1.293,0.733,6.259,341.2,16.43
LaMgPdO2Br2,Pd1+,4d,4.78,1.4,0.676,6.697,317.5,16.36
BiMgPdO2Br2,Pd1+,4d,4.78,1.4,0.676,6.697,317.5,16.36
Ca2AgO2Cl2,Ag2+,4d,4.81,1.293,0.725,6.22,341.2,16.32
YNaAgO2Cl2,Ag2+,4d,4.76,1.293,0.713,6.157,341.2,16.16
MgSrAgO2Cl2,Ag2+,4d,4.75,1.293,0.71,6.141,341.2,16.12
YMgPdO2Br2,Pd1+,4d,4.71,1.4,0.657,6.589,317.5,16.09
Li2NbO2Cl2,Nb4+,4d,4.91,1.293,0.734,6.347,328.1,16.02
BiLiAgO2Cl2,Ag2+,4d,4.68,1.293,0.694,6.056,341.2,15.89
LaLiAgO2Cl2,Ag2+,4d,4.68,1.293,0.694,6.056,341.2,15.89
MgCaAgO2Cl2,Ag2+,4d,4.64,1.293,0.683,6.001,341.2,15.75
BiBaPdO2Cl2,Pd1+,4d,4.98,1.293,0.769,6.438,317.5,15.72
LaBaPdO2Cl2,Pd1+,4d,4.98,1.293,0.769,6.438,317.5,15.72
YLiAgO2Cl2,Ag2+,4d,4.61,1.293,0.674,5.954,341.2,15.63
YBaPdO2Cl2,Pd1+,4d,4.9,1.293,0.75,6.338,317.5,15.48
BiSrPdO2Cl2,Pd1+,4d,4.88,1.293,0.744,6.307,317.5,15.4
LaSrPdO2Cl2,Pd1+,4d,4.88,1.293,0.744,6.307,317.5,15.4
Mg2AgO2Cl2,Ag2+,4d,4.47,1.293,0.641,5.782,341.2,15.18
YSrPdO2Cl2,Pd1+,4d,4.8,1.293,0.725,6.207,317.5,15.16
LaCaPdO2Cl2,Pd1+,4d,4.77,1.293,0.718,6.169,317.5,15.07
BiCaPdO2Cl2,Pd1+,4d,4.77,1.293,0.718,6.169,317.5,15.07
YCaPdO2Cl2,Pd1+,4d,4.69,1.293,0.698,6.069,317.5,14.82
LaMgPdO2Cl2,Pd1+,4d,4.61,1.293,0.676,5.954,317.5,14.54
BiMgPdO2Cl2,Pd1+,4d,4.61,1.293,0.676,5.954,317.5,14.54
YMgPdO2Cl2,Pd1+,4d,4.53,1.293,0.657,5.854,317.5,14.3
Cs2VO2I2,V4+,3d,6.94,1.571,1.096,10.91,109.4,9.18
RbCsVO2I2,V4+,3d,6.84,1.571,1.07,10.741,109.4,9.04
KCsVO2I2,V4+,3d,6.74,1.571,1.045,10.584,109.4,8.9
Rb2VO2I2,V4+,3d,6.73,1.571,1.043,10.573,109.4,8.89
KRbVO2I2,V4+,3d,6.63,1.571,1.018,10.416,109.4,8.76
K2VO2I2,V4+,3d,6.53,1.571,0.993,10.259,109.4,8.63
NaCsVO2I2,V4+,3d,6.48,1.571,0.98,10.18,109.4,8.56
NaRbVO2I2,V4+,3d,6.37,1.571,0.954,10.012,109.4,8.42
BaCsTiO2I2,Ti3+,3d,6.48,1.571,0.994,10.188,106.4,8.34
LiCsVO2I2,V4+,3d,6.29,1.571,0.934,9.888,109.4,8.32
NaKVO2I2,V4+,3d,6.27,1.571,0.929,9.855,109.4,8.29
BaRbTiO2I2,Ti3+,3d,6.38,1.571,0.968,10.027,106.4,8.21
SrCsTiO2I2,Ti3+,3d,6.37,1.571,0.965,10.006,106.4,8.19
LiRbVO2I2,V4+,3d,6.19,1.571,0.907,9.72,109.4,8.18
BaKTiO2I2,Ti3+,3d,6.29,1.571,0.945,9.877,106.4,8.08
SrRbTiO2I2,Ti3+,3d,6.26,1.571,0.939,9.845,106.4,8.06
LiKVO2I2,V4+,3d,6.09,1.571,0.882,9.563,109.4,8.04
CaCsTiO2I2,Ti3+,3d,6.24,1.571,0.934,9.813,106.4,8.03
Na2VO2I2,V4+,3d,6.01,1.571,0.864,9.451,109.4,7.95
SrKTiO2I2,Ti3+,3d,6.17,1.571,0.915,9.695,106.4,7.93
CaRbTiO2I2,Ti3+,3d,6.14,1.571,0.909,9.652,106.4,7.9
MgCsTiO2I2,Ti3+,3d,6.05,1.571,0.886,9.512,106.4,7.79
CaKTiO2I2,Ti3+,3d,6.05,1.571,0.885,9.501,106.4,7.78
Cs2VO2Br2,V4+,3d,6.6,1.4,1.096,9.24,109.4,7.77
BaNaTiO2I2,Ti3+,3d,6.04,1.571,0.883,9.491,106.4,7.77
LiNaVO2I2,V4+,3d,5.83,1.571,0.818,9.159,109.4,7.7
MgRbTiO2I2,Ti3+,3d,5.95,1.571,0.861,9.351,106.4,7.65
RbCsVO2Br2,V4+,3d,6.49,1.4,1.07,9.09,109.4,7.65
SrNaTiO2I2,Ti3+,3d,5.92,1.571,0.854,9.308,106.4,7.62
BaLiTiO2I2,Ti3+,3d,5.86,1.571,0.839,9.211,106.4,7.54
KCsVO2Br2,V4+,3d,6.39,1.4,1.045,8.95,109.4,7.53
MgKTiO2I2,Ti3+,3d,5.85,1.571,0.837,9.201,106.4,7.53
Rb2VO2Br2,V4+,3d,6.39,1.4,1.043,8.94,109.4,7.52
BiCsCuO2I2,Cu2+,3d,6.13,1.571,0.913,9.63,101.2,7.5
Ba2CuO2I2,Cu2+,3d,6.13,1.571,0.913,9.63,101.2,7.5
LaCsCuO2I2,Cu2+,3d,6.13,1.571,0.913,9.63,101.2,7.5
Li2VO2I2,V4+,3d,5.64,1.571,0.771,8.867,109.4,7.46
CaNaTiO2I2,Ti3+,3d,5.8,1.571,0.823,9.115,106.4,7.46
KRbVO2Br2,V4+,3d,6.29,1.4,1.018,8.8,109.4,7.4
SrLiTiO2I2,Ti3+,3d,5.75,1.571,0.81,9.029,106.4,7.39
YCsCuO2I2,Cu2+,3d,6.04,1.571,0.891,9.494,101.2,7.39
LaRbCuO2I2,Cu2+,3d,6.03,1.571,0.888,9.474,101.2,7.38
BiRbCuO2I2,Cu2+,3d,6.03,1.571,0.888,9.474,101.2,7.38
SrBaCuO2I2,Cu2+,3d,6.02,1.571,0.885,9.453,101.2,7.36
K2VO2Br2,V4+,3d,6.19,1.4,0.993,8.66,109.4,7.28
YRbCuO2I2,Cu2+,3d,5.94,1.571,0.866,9.338,101.2,7.27
BiKCuO2I2,Cu2+,3d,5.94,1.571,0.865,9.328,101.2,7.26
LaKCuO2I2,Cu2+,3d,5.94,1.571,0.865,9.328,101.2,7.26
NaCsVO2Br2,V4+,3d,6.14,1.4,0.98,8.59,109.4,7.23
CaLiTiO2I2,Ti3+,3d,5.62,1.571,0.779,8.836,106.4,7.23
Sr2CuO2I2,Cu2+,3d,5.9,1.571,0.856,9.275,101.2,7.22
CaBaCuO2I2,Cu2+,3d,5.9,1.571,0.855,9.265,101.2,7.22
MgNaTiO2I2,Ti3+,3d,5.61,1.571,0.775,8.814,106.4,7.21
YKCuO2I2,Cu2+,3d,5.85,1.571,0.843,9.192,101.2,7.16
NaRbVO2Br2,V4+,3d,6.03,1.4,0.954,8.44,109.4,7.1
CaSrCuO2I2,Cu2+,3d,5.78,1.571,0.827,9.088,101.2,7.08
BaCsTiO2Br2,Ti3+,3d,6.16,1.4,0.994,8.618,106.4,7.05
LiCsVO2Br2,V4+,3d,5.95,1.4,0.934,8.33,109.4,7.01
MgLiTiO2I2,Ti3+,3d,5.43,1.571,0.731,8.535,106.4,6.99
MgBaCuO2I2,Cu2+,3d,5.71,1.571,0.808,8.973,101.2,6.99
NaKVO2Br2,V4+,3d,5.93,1.4,0.929,8.3,109.4,6.98
LaNaCuO2I2,Cu2+,3d,5.7,1.571,0.805,8.952,101.2,6.97
BiNaCuO2I2,Cu2+,3d,5.7,1.571,0.805,8.952,101.2,6.97
BaRbTiO2Br2,Ti3+,3d,6.05,1.4,0.968,8.474,106.4,6.94
Cs2VO2Cl2,V4+,3d,6.39,1.293,1.096,8.255,109.4,6.94
Ca2CuO2I2,Cu2+,3d,5.66,1.571,0.797,8.9,101.2,6.93
SrCsTiO2Br2,Ti3+,3d,6.04,1.4,0.965,8.455,106.4,6.92
LiRbVO2Br2,V4+,3d,5.84,1.4,0.907,8.18,109.4,6.88
YNaCuO2I2,Cu2+,3d,5.61,1.571,0.783,8.816,101.2,6.87
MgSrCuO2I2,Cu2+,3d,5.6,1.571,0.78,8.795,101.2,6.85
BiBaNiO2I2,Ni1+,3d,5.81,1.571,0.84,9.134,97.5,6.85
LaBaNiO2I2,Ni1+,3d,5.81,1.571,0.84,9.134,97.5,6.85
BaKTiO2Br2,Ti3+,3d,5.96,1.4,0.945,8.34,106.4,6.83
RbCsVO2Cl2,V4+,3d,6.28,1.293,1.07,8.117,109.4,6.83
SrRbTiO2Br2,Ti3+,3d,5.94,1.4,0.939,8.312,106.4,6.8
CaCsTiO2Br2,Ti3+,3d,5.92,1.4,0.934,8.283,106.4,6.78
BiLiCuO2I2,Cu2+,3d,5.52,1.571,0.762,8.681,101.2,6.76
LaLiCuO2I2,Cu2+,3d,5.52,1.571,0.762,8.681,101.2,6.76
LiKVO2Br2,V4+,3d,5.74,1.4,0.882,8.04,109.4,6.76
YBaNiO2I2,Ni1+,3d,5.73,1.571,0.819,9.001,97.5,6.75
BiSrNiO2I2,Ni1+,3d,5.7,1.571,0.813,8.961,97.5,6.72
KCsVO2Cl2,V4+,3d,6.18,1.293,1.045,7.988,109.4,6.72
LaSrNiO2I2,Ni1+,3d,5.7,1.571,0.813,8.961,97.5,6.72
Rb2VO2Cl2,V4+,3d,6.17,1.293,1.043,7.978,109.4,6.71
MgCaCuO2I2,Cu2+,3d,5.48,1.571,0.75,8.608,101.2,6.7
SrKTiO2Br2,Ti3+,3d,5.84,1.4,0.915,8.178,106.4,6.69
Na2VO2Br2,V4+,3d,5.67,1.4,0.864,7.94,109.4,6.68
YLiCuO2I2,Cu2+,3d,5.44,1.571,0.74,8.545,101.2,6.66
CaRbTiO2Br2,Ti3+,3d,5.81,1.4,0.909,8.14,106.4,6.66
YSrNiO2I2,Ni1+,3d,5.62,1.571,0.791,8.828,97.5,6.62
KRbVO2Cl2,V4+,3d,6.07,1.293,1.018,7.849,109.4,6.6
BiCaNiO2I2,Ni1+,3d,5.59,1.571,0.783,8.777,97.5,6.58
LaCaNiO2I2,Ni1+,3d,5.59,1.571,0.783,8.777,97.5,6.58
MgCsTiO2Br2,Ti3+,3d,5.73,1.4,0.886,8.015,106.4,6.56
CaKTiO2Br2,Ti3+,3d,5.72,1.4,0.885,8.006,106.4,6.55
BaNaTiO2Br2,Ti3+,3d,5.71,1.4,0.883,7.996,106.4,6.54
K2VO2Cl2,V4+,3d,5.97,1.293,0.993,7.72,109.4,6.49
Mg2CuO2I2,Cu2+,3d,5.29,1.571,0.704,8.315,101.2,6.48
YCaNiO2I2,Ni1+,3d,5.5,1.571,0.762,8.645,97.5,6.48
LiNaVO2Br2,V4+,3d,5.49,1.4,0.818,7.68,109.4,6.46
MgRbTiO2Br2,Ti3+,3d,5.62,1.4,0.861,7.872,106.4,6.44
NaCsVO2Cl2,V4+,3d,5.92,1.293,0.98,7.655,109.4,6.44
SrNaTiO2Br2,Ti3+,3d,5.6,1.4,0.854,7.834,106.4,6.41
BiMgNiO2I2,Ni1+,3d,5.4,1.571,0.738,8.492,97.5,6.37
LaMgNiO2I2,Ni1+,3d,5.4,1.571,0.738,8.492,97.5,6.37
BaLiTiO2Br2,Ti3+,3d,5.53,1.4,0.839,7.747,106.4,6.34
MgKTiO2Br2,Ti3+,3d,5.53,1.4,0.837,7.738,106.4,6.33
LaCsCuO2Br2,Cu2+,3d,5.81,1.4,0.913,8.133,101.2,6.33
Ba2CuO2Br2,Cu2+,3d,5.81,1.4,0.913,8.133,101.2,6.33
BiCsCuO2Br2,Cu2+,3d,5.81,1.4,0.913,8.133,101.2,6.33
NaRbVO2Cl2,V4+,3d,5.81,1.293,0.954,7.517,109.4,6.32
BaCsTiO2Cl2,Ti3+,3d,5.95,1.293,0.994,7.693,106.4,6.3
YMgNiO2I2,Ni1+,3d,5.32,1.571,0.717,8.359,97.5,6.27
CaNaTiO2Br2,Ti3+,3d,5.47,1.4,0.823,7.661,106.4,6.27
Li2VO2Br2,V4+,3d,5.3,1.4,0.771,7.42,109.4,6.24
LiCsVO2Cl2,V4+,3d,5.74,1.293,0.934,7.415,109.4,6.24
YCsCuO2Br2,Cu2+,3d,5.72,1.4,0.891,8.013,101.2,6.24
LaRbCuO2Br2,Cu2+,3d,5.71,1.4,0.888,7.994,101.2,6.23
BiRbCuO2Br2,Cu2+,3d,5.71,1.4,0.888,7.994,101.2,6.23
SrBaCuO2Br2,Cu2+,3d,5.7,1.4,0.885,7.975,101.2,6.21
NaKVO2Cl2,V4+,3d,5.71,1.293,0.929,7.387,109.4,6.21
SrLiTiO2Br2,Ti3+,3d,5.42,1.4,0.81,7.585,106.4,6.21
BaRbTiO2Cl2,Ti3+,3d,5.85,1.293,0.968,7.561,106.4,6.19
SrCsTiO2Cl2,Ti3+,3d,5.83,1.293,0.965,7.543,106.4,6.17
YRbCuO2Br2,Cu2+,3d,5.62,1.4,0.866,7.873,101.2,6.13
LiRbVO2Cl2,V4+,3d,5.63,1.293,0.907,7.277,109.4,6.12
LaKCuO2Br2,Cu2+,3d,5.62,1.4,0.865,7.864,101.2,6.12
BiKCuO2Br2,Cu2+,3d,5.62,1.4,0.865,7.864,101.2,6.12
BaKTiO2Cl2,Ti3+,3d,5.75,1.293,0.945,7.437,106.4,6.09
Sr2CuO2Br2,Cu2+,3d,5.58,1.4,0.856,7.817,101.2,6.09
CaBaCuO2Br2,Cu2+,3d,5.58,1.4,0.855,7.808,101.2,6.08
SrRbTiO2Cl2,Ti3+,3d,5.73,1.293,0.939,7.411,106.4,6.07
CaLiTiO2Br2,Ti3+,3d,5.29,1.4,0.779,7.413,106.4,6.07
MgNaTiO2Br2,Ti3+,3d,5.28,1.4,0.775,7.394,106.4,6.05
CaCsTiO2Cl2,Ti3+,3d,5.71,1.293,0.934,7.384,106.4,6.04
YKCuO2Br2,Cu2+,3d,5.53,1.4,0.843,7.743,101.2,6.03
LiKVO2Cl2,V4+,3d,5.53,1.293,0.882,7.147,109.4,6.01
CaSrCuO2Br2,Cu2+,3d,5.46,1.4,0.827,7.65,101.2,5.96
SrKTiO2Cl2,Ti3+,3d,5.64,1.293,0.915,7.287,106.4,5.96
CaRbTiO2Cl2,Ti3+,3d,5.61,1.293,0.909,7.252,106.4,5.94
Na2VO2Cl2,V4+,3d,5.46,1.293,0.864,7.055,109.4,5.93
MgBaCuO2Br2,Cu2+,3d,5.39,1.4,0.808,7.548,101.2,5.88
LaNaCuO2Br2,Cu2+,3d,5.38,1.4,0.805,7.529,101.2,5.86
BiNaCuO2Br2,Cu2+,3d,5.38,1.4,0.805,7.529,101.2,5.86
MgLiTiO2Br2,Ti3+,3d,5.1,1.4,0.731,7.145,106.4,5.85
MgCsTiO2Cl2,Ti3+,3d,5.52,1.293,0.886,7.137,106.4,5.84
Ca2CuO2Br2,Cu2+,3d,5.34,1.4,0.797,7.483,101.2,5.83
BaNaTiO2Cl2,Ti3+,3d,5.51,1.293,0.883,7.119,106.4,5.83
CaKTiO2Cl2,Ti3+,3d,5.51,1.293,0.885,7.128,106.4,5.83
LaBaNiO2Br2,Ni1+,3d,5.5,1.4,0.84,7.702,97.5,5.77
BiBaNiO2Br2,Ni1+,3d,5.5,1.4,0.84,7.702,97.5,5.77
YNaCuO2Br2,Cu2+,3d,5.29,1.4,0.783,7.408,101.2,5.77
MgSrCuO2Br2,Cu2+,3d,5.28,1.4,0.78,7.39,101.2,5.76
LiNaVO2Cl2,V4+,3d,5.27,1.293,0.818,6.815,109.4,5.73
MgRbTiO2Cl2,Ti3+,3d,5.42,1.293,0.861,7.004,106.4,5.73
SrNaTiO2Cl2,Ti3+,3d,5.39,1.293,0.854,6.969,106.4,5.7
YBaNiO2Br2,Ni1+,3d,5.42,1.4,0.819,7.584,97.5,5.69
LaLiCuO2Br2,Cu2+,3d,5.21,1.4,0.762,7.288,101.2,5.68
BiLiCuO2Br2,Cu2+,3d,5.21,1.4,0.762,7.288,101.2,5.68
BiSrNiO2Br2,Ni1+,3d,5.39,1.4,0.813,7.547,97.5,5.66
LaSrNiO2Br2,Ni1+,3d,5.39,1.4,0.813,7.547,97.5,5.66
Ba2CuO2Cl2,Cu2+,3d,5.61,1.293,0.913,7.253,101.2,5.65
LaCsCuO2Cl2,Cu2+,3d,5.61,1.293,0.913,7.253,101.2,5.65
BiCsCuO2Cl2,Cu2+,3d,5.61,1.293,0.913,7.253,101.2,5.65
BaLiTiO2Cl2,Ti3+,3d,5.33,1.293,0.839,6.89,106.4,5.64
MgCaCuO2Br2,Cu2+,3d,5.16,1.4,0.75,7.222,101.2,5.63
MgKTiO2Cl2,Ti3+,3d,5.32,1.293,0.837,6.881,106.4,5.63
YLiCuO2Br2,Cu2+,3d,5.12,1.4,0.74,7.167,101.2,5.58
CaNaTiO2Cl2,Ti3+,3d,5.27,1.293,0.823,6.81,106.4,5.57
YSrNiO2Br2,Ni1+,3d,5.31,1.4,0.791,7.429,97.5,5.57
YCsCuO2Cl2,Cu2+,3d,5.52,1.293,0.891,7.142,101.2,5.56
LaRbCuO2Cl2,Cu2+,3d,5.51,1.293,0.888,7.125,101.2,5.55
BiRbCuO2Cl2,Cu2+,3d,5.51,1.293,0.888,7.125,101.2,5.55
LaCaNiO2Br2,Ni1+,3d,5.27,1.4,0.783,7.384,97.5,5.54
SrBaCuO2Cl2,Cu2+,3d,5.5,1.293,0.885,7.107,101.2,5.54
BiCaNiO2Br2,Ni1+,3d,5.27,1.4,0.783,7.384,97.5,5.54
Li2VO2Cl2,V4+,3d,5.09,1.293,0.771,6.575,109.4,5.53
SrLiTiO2Cl2,Ti3+,3d,5.21,1.293,0.81,6.739,106.4,5.52
YRbCuO2Cl2,Cu2+,3d,5.42,1.293,0.866,7.013,101.2,5.46
LaKCuO2Cl2,Cu2+,3d,5.42,1.293,0.865,7.004,101.2,5.46
BiKCuO2Cl2,Cu2+,3d,5.42,1.293,0.865,7.004,101.2,5.46
YCaNiO2Br2,Ni1+,3d,5.19,1.4,0.762,7.266,97.5,5.45
CaBaCuO2Cl2,Cu2+,3d,5.38,1.293,0.855,6.953,101.2,5.42
Sr2CuO2Cl2,Cu2+,3d,5.38,1.293,0.856,6.962,101.2,5.42
Mg2CuO2Br2,Cu2+,3d,4.97,1.4,0.704,6.962,101.2,5.42
CaLiTiO2Cl2,Ti3+,3d,5.09,1.293,0.779,6.58,106.4,5.39
MgNaTiO2Cl2,Ti3+,3d,5.08,1.293,0.775,6.563,106.4,5.37
YKCuO2Cl2,Cu2+,3d,5.33,1.293,0.843,6.893,101.2,5.37
BiMgNiO2Br2,Ni1+,3d,5.09,1.4,0.738,7.129,97.5,5.35
LaMgNiO2Br2,Ni1+,3d,5.09,1.4,0.738,7.129,97.5,5.35
CaSrCuO2Cl2,Cu2+,3d,5.27,1.293,0.827,6.807,101.2,5.3
YMgNiO2Br2,Ni1+,3d,5.01,1.4,0.717,7.011,97.5,5.26
MgBaCuO2Cl2,Cu2+,3d,5.19,1.293,0.808,6.713,101.2,5.23
BiNaCuO2Cl2,Cu2+,3d,5.18,1.293,0.805,6.695,101.2,5.21
LaNaCuO2Cl2,Cu2+,3d,5.18,1.293,0.805,6.695,101.2,5.21
Ca2CuO2Cl2,Cu2+,3d,5.15,1.293,0.797,6.653,101.2,5.18
MgLiTiO2Cl2,Ti3+,3d,4.9,1.293,0.731,6.333,106.4,5.18
BiBaNiO2Cl2,Ni1+,3d,5.31,1.293,0.84,6.861,97.5,5.14
LaBaNiO2Cl2,Ni1+,3d,5.31,1.293,0.84,6.861,97.5,5.14
YNaCuO2Cl2,Cu2+,3d,5.09,1.293,0.783,6.584,101.2,5.13
MgSrCuO2Cl2,Cu2+,3d,5.08,1.293,0.78,6.567,101.2,5.11
YBaNiO2Cl2,Ni1+,3d,5.22,1.293,0.819,6.752,97.5,5.06
LaLiCuO2Cl2,Cu2+,3d,5.01,1.293,0.762,6.472,101.2,5.04
BiSrNiO2Cl2,Ni1+,3d,5.2,1.293,0.813,6.718,97.5,5.04
LaSrNiO2Cl2,Ni1+,3d,5.2,1.293,0.813,6.718,97.5,5.04
BiLiCuO2Cl2,Cu2+,3d,5.01,1.293,0.762,6.472,101.2,5.04
MgCaCuO2Cl2,Cu2+,3d,4.96,1.293,0.75,6.412,101.2,4.99
YSrNiO2Cl2,Ni1+,3d,5.11,1.293,0.791,6.609,97.5,4.96
YLiCuO2Cl2,Cu2+,3d,4.92,1.293,0.74,6.361,101.2,4.95
BiCaNiO2Cl2,Ni1+,3d,5.08,1.293,0.783,6.567,97.5,4.92
LaCaNiO2Cl2,Ni1+,3d,5.08,1.293,0.783,6.567,97.5,4.92
YCaNiO2Cl2,Ni1+,3d,5.0,1.293,0.762,6.458,97.5,4.84
Mg2CuO2Cl2,Cu2+,3d,4.77,1.293,0.704,6.172,101.2,4.81
LaMgNiO2Cl2,Ni1+,3d,4.9,1.293,0.738,6.332,97.5,4.75
BiMgNiO2Cl2,Ni1+,3d,4.9,1.293,0.738,6.332,97.5,4.75
YMgNiO2Cl2,Ni1+,3d,4.81,1.293,0.717,6.223,97.5,4.67
